pressureInputId,x,y,domain,usable,baselineEye,effectiveEye
pressure.layout_resilience.formation_eye.dev_encounter_4_10_furnace_core.dev_map_furnace_ash_fall.v1,0,0,true,true,false,false
pressure.layout_resilience.formation_eye.dev_encounter_4_10_furnace_core.dev_map_furnace_ash_fall.v1,1,0,true,true,false,false
pressure.layout_resilience.formation_eye.dev_encounter_4_10_furnace_core.dev_map_furnace_ash_fall.v1,2,0,true,true,false,false
pressure.layout_resilience.formation_eye.dev_encounter_4_10_furnace_core.dev_map_furnace_ash_fall.v1,3,0,true,true,false,false
pressure.layout_resilience.formation_eye.dev_encounter_4_10_furnace_core.dev_map_furnace_ash_fall.v1,4,0,true,true,false,false
pressure.layout_resilience.formation_eye.dev_encounter_4_10_furnace_core.dev_map_furnace_ash_fall.v1,0,1,true,true,false,false
pressure.layout_resilience.formation_eye.dev_encounter_4_10_furnace_core.dev_map_furnace_ash_fall.v1,1,1,true,true,false,false
pressure.layout_resilience.formation_eye.dev_encounter_4_10_furnace_core.dev_map_furnace_ash_fall.v1,2,1,true,true,false,true
pressure.layout_resilience.formation_eye.dev_encounter_4_10_furnace_core.dev_map_furnace_ash_fall.v1,3,1,true,true,false,false
pressure.layout_resilience.formation_eye.dev_encounter_4_10_furnace_core.dev_map_furnace_ash_fall.v1,4,1,true,true,false,false
pressure.layout_resilience.formation_eye.dev_encounter_4_10_furnace_core.dev_map_furnace_ash_fall.v1,0,2,true,true,false,false
pressure.layout_resilience.formation_eye.dev_encounter_4_10_furnace_core.dev_map_furnace_ash_fall.v1,1,2,true,true,false,false
pressure.layout_resilience.formation_eye.dev_encounter_4_10_furnace_core.dev_map_furnace_ash_fall.v1,2,2,true,true,true,false
pressure.layout_resilience.formation_eye.dev_encounter_4_10_furnace_core.dev_map_furnace_ash_fall.v1,3,2,true,true,false,false
pressure.layout_resilience.formation_eye.dev_encounter_4_10_furnace_core.dev_map_furnace_ash_fall.v1,4,2,true,true,false,false
pressure.layout_resilience.formation_eye.dev_encounter_4_10_furnace_core.dev_map_furnace_ash_fall.v1,0,3,true,true,false,false
pressure.layout_resilience.formation_eye.dev_encounter_4_10_furnace_core.dev_map_furnace_ash_fall.v1,1,3,true,true,false,false
pressure.layout_resilience.formation_eye.dev_encounter_4_10_furnace_core.dev_map_furnace_ash_fall.v1,2,3,true,true,false,false
pressure.layout_resilience.formation_eye.dev_encounter_4_10_furnace_core.dev_map_furnace_ash_fall.v1,3,3,true,true,false,false
pressure.layout_resilience.formation_eye.dev_encounter_4_10_furnace_core.dev_map_furnace_ash_fall.v1,4,3,true,true,false,false
pressure.layout_resilience.formation_eye.dev_encounter_4_10_furnace_core.dev_map_furnace_ash_fall.v1,0,4,true,true,false,false
pressure.layout_resilience.formation_eye.dev_encounter_4_10_furnace_core.dev_map_furnace_ash_fall.v1,1,4,true,true,false,false
pressure.layout_resilience.formation_eye.dev_encounter_4_10_furnace_core.dev_map_furnace_ash_fall.v1,2,4,true,true,false,false
pressure.layout_resilience.formation_eye.dev_encounter_4_10_furnace_core.dev_map_furnace_ash_fall.v1,3,4,true,true,false,false
pressure.layout_resilience.formation_eye.dev_encounter_4_10_furnace_core.dev_map_furnace_ash_fall.v1,4,4,true,true,false,false
pressure.layout_resilience.formation_eye.dev_encounter_4_10_thunder_fire_cross.dev_map_bluestone_crack.v1,0,0,true,true,false,false
pressure.layout_resilience.formation_eye.dev_encounter_4_10_thunder_fire_cross.dev_map_bluestone_crack.v1,1,0,true,true,false,false
pressure.layout_resilience.formation_eye.dev_encounter_4_10_thunder_fire_cross.dev_map_bluestone_crack.v1,2,0,true,true,false,false
pressure.layout_resilience.formation_eye.dev_encounter_4_10_thunder_fire_cross.dev_map_bluestone_crack.v1,3,0,true,true,false,false
pressure.layout_resilience.formation_eye.dev_encounter_4_10_thunder_fire_cross.dev_map_bluestone_crack.v1,4,0,true,true,false,false
pressure.layout_resilience.formation_eye.dev_encounter_4_10_thunder_fire_cross.dev_map_bluestone_crack.v1,0,1,true,true,false,false
pressure.layout_resilience.formation_eye.dev_encounter_4_10_thunder_fire_cross.dev_map_bluestone_crack.v1,1,1,true,true,false,false
pressure.layout_resilience.formation_eye.dev_encounter_4_10_thunder_fire_cross.dev_map_bluestone_crack.v1,2,1,true,true,false,false
pressure.layout_resilience.formation_eye.dev_encounter_4_10_thunder_fire_cross.dev_map_bluestone_crack.v1,3,1,true,true,false,false
pressure.layout_resilience.formation_eye.dev_encounter_4_10_thunder_fire_cross.dev_map_bluestone_crack.v1,4,1,true,true,false,false
pressure.layout_resilience.formation_eye.dev_encounter_4_10_thunder_fire_cross.dev_map_bluestone_crack.v1,0,2,true,true,false,false
pressure.layout_resilience.formation_eye.dev_encounter_4_10_thunder_fire_cross.dev_map_bluestone_crack.v1,1,2,true,true,false,false
pressure.layout_resilience.formation_eye.dev_encounter_4_10_thunder_fire_cross.dev_map_bluestone_crack.v1,2,2,true,true,true,false
pressure.layout_resilience.formation_eye.dev_encounter_4_10_thunder_fire_cross.dev_map_bluestone_crack.v1,3,2,true,true,false,true
pressure.layout_resilience.formation_eye.dev_encounter_4_10_thunder_fire_cross.dev_map_bluestone_crack.v1,4,2,true,true,false,false
pressure.layout_resilience.formation_eye.dev_encounter_4_10_thunder_fire_cross.dev_map_bluestone_crack.v1,0,3,true,true,false,false
pressure.layout_resilience.formation_eye.dev_encounter_4_10_thunder_fire_cross.dev_map_bluestone_crack.v1,1,3,true,true,false,false
pressure.layout_resilience.formation_eye.dev_encounter_4_10_thunder_fire_cross.dev_map_bluestone_crack.v1,2,3,true,true,false,false
pressure.layout_resilience.formation_eye.dev_encounter_4_10_thunder_fire_cross.dev_map_bluestone_crack.v1,3,3,true,true,false,false
pressure.layout_resilience.formation_eye.dev_encounter_4_10_thunder_fire_cross.dev_map_bluestone_crack.v1,4,3,true,true,false,false
pressure.layout_resilience.formation_eye.dev_encounter_4_10_thunder_fire_cross.dev_map_bluestone_crack.v1,0,4,true,true,false,false
pressure.layout_resilience.formation_eye.dev_encounter_4_10_thunder_fire_cross.dev_map_bluestone_crack.v1,1,4,true,true,false,false
pressure.layout_resilience.formation_eye.dev_encounter_4_10_thunder_fire_cross.dev_map_bluestone_crack.v1,2,4,true,true,false,false
pressure.layout_resilience.formation_eye.dev_encounter_4_10_thunder_fire_cross.dev_map_bluestone_crack.v1,3,4,true,true,false,false
pressure.layout_resilience.formation_eye.dev_encounter_4_10_thunder_fire_cross.dev_map_bluestone_crack.v1,4,4,true,true,false,false
pressure.layout_resilience.polluted_tile.dev_encounter_3_10_cleanse_corner.dev_map_bluestone_damp.v1,0,0,true,true,false,false
pressure.layout_resilience.polluted_tile.dev_encounter_3_10_cleanse_corner.dev_map_bluestone_damp.v1,1,0,true,true,false,false
pressure.layout_resilience.polluted_tile.dev_encounter_3_10_cleanse_corner.dev_map_bluestone_damp.v1,2,0,true,true,false,false
pressure.layout_resilience.polluted_tile.dev_encounter_3_10_cleanse_corner.dev_map_bluestone_damp.v1,3,0,true,true,false,false
pressure.layout_resilience.polluted_tile.dev_encounter_3_10_cleanse_corner.dev_map_bluestone_damp.v1,4,0,true,true,false,false
pressure.layout_resilience.polluted_tile.dev_encounter_3_10_cleanse_corner.dev_map_bluestone_damp.v1,0,1,true,true,false,false
pressure.layout_resilience.polluted_tile.dev_encounter_3_10_cleanse_corner.dev_map_bluestone_damp.v1,1,1,true,false,false,false
pressure.layout_resilience.polluted_tile.dev_encounter_3_10_cleanse_corner.dev_map_bluestone_damp.v1,2,1,true,true,false,false
pressure.layout_resilience.polluted_tile.dev_encounter_3_10_cleanse_corner.dev_map_bluestone_damp.v1,3,1,true,true,false,false
pressure.layout_resilience.polluted_tile.dev_encounter_3_10_cleanse_corner.dev_map_bluestone_damp.v1,4,1,true,true,false,false
pressure.layout_resilience.polluted_tile.dev_encounter_3_10_cleanse_corner.dev_map_bluestone_damp.v1,0,2,true,true,false,false
pressure.layout_resilience.polluted_tile.dev_encounter_3_10_cleanse_corner.dev_map_bluestone_damp.v1,1,2,true,true,false,false
pressure.layout_resilience.polluted_tile.dev_encounter_3_10_cleanse_corner.dev_map_bluestone_damp.v1,2,2,true,true,true,true
pressure.layout_resilience.polluted_tile.dev_encounter_3_10_cleanse_corner.dev_map_bluestone_damp.v1,3,2,true,true,false,false
pressure.layout_resilience.polluted_tile.dev_encounter_3_10_cleanse_corner.dev_map_bluestone_damp.v1,4,2,true,true,false,false
pressure.layout_resilience.polluted_tile.dev_encounter_3_10_cleanse_corner.dev_map_bluestone_damp.v1,0,3,true,true,false,false
pressure.layout_resilience.polluted_tile.dev_encounter_3_10_cleanse_corner.dev_map_bluestone_damp.v1,1,3,true,true,false,false
pressure.layout_resilience.polluted_tile.dev_encounter_3_10_cleanse_corner.dev_map_bluestone_damp.v1,2,3,true,true,false,false
pressure.layout_resilience.polluted_tile.dev_encounter_3_10_cleanse_corner.dev_map_bluestone_damp.v1,3,3,true,false,false,false
pressure.layout_resilience.polluted_tile.dev_encounter_3_10_cleanse_corner.dev_map_bluestone_damp.v1,4,3,true,true,false,false
pressure.layout_resilience.polluted_tile.dev_encounter_3_10_cleanse_corner.dev_map_bluestone_damp.v1,0,4,true,true,false,false
pressure.layout_resilience.polluted_tile.dev_encounter_3_10_cleanse_corner.dev_map_bluestone_damp.v1,1,4,true,true,false,false
pressure.layout_resilience.polluted_tile.dev_encounter_3_10_cleanse_corner.dev_map_bluestone_damp.v1,2,4,true,true,false,false
pressure.layout_resilience.polluted_tile.dev_encounter_3_10_cleanse_corner.dev_map_bluestone_damp.v1,3,4,true,true,false,false
pressure.layout_resilience.polluted_tile.dev_encounter_3_10_cleanse_corner.dev_map_bluestone_damp.v1,4,4,true,true,false,false
pressure.layout_resilience.polluted_tile.dev_encounter_4_10_furnace_core.dev_map_furnace_ash_fall.v1,0,0,true,true,false,false
pressure.layout_resilience.polluted_tile.dev_encounter_4_10_furnace_core.dev_map_furnace_ash_fall.v1,1,0,true,true,false,false
pressure.layout_resilience.polluted_tile.dev_encounter_4_10_furnace_core.dev_map_furnace_ash_fall.v1,2,0,true,true,false,false
pressure.layout_resilience.polluted_tile.dev_encounter_4_10_furnace_core.dev_map_furnace_ash_fall.v1,3,0,true,true,false,false
pressure.layout_resilience.polluted_tile.dev_encounter_4_10_furnace_core.dev_map_furnace_ash_fall.v1,4,0,true,true,false,false
pressure.layout_resilience.polluted_tile.dev_encounter_4_10_furnace_core.dev_map_furnace_ash_fall.v1,0,1,true,true,false,false
pressure.layout_resilience.polluted_tile.dev_encounter_4_10_furnace_core.dev_map_furnace_ash_fall.v1,1,1,true,false,false,false
pressure.layout_resilience.polluted_tile.dev_encounter_4_10_furnace_core.dev_map_furnace_ash_fall.v1,2,1,true,true,false,false
pressure.layout_resilience.polluted_tile.dev_encounter_4_10_furnace_core.dev_map_furnace_ash_fall.v1,3,1,true,false,false,false
pressure.layout_resilience.polluted_tile.dev_encounter_4_10_furnace_core.dev_map_furnace_ash_fall.v1,4,1,true,true,false,false
pressure.layout_resilience.polluted_tile.dev_encounter_4_10_furnace_core.dev_map_furnace_ash_fall.v1,0,2,true,true,false,false
pressure.layout_resilience.polluted_tile.dev_encounter_4_10_furnace_core.dev_map_furnace_ash_fall.v1,1,2,true,true,false,false
pressure.layout_resilience.polluted_tile.dev_encounter_4_10_furnace_core.dev_map_furnace_ash_fall.v1,2,2,true,true,true,true
pressure.layout_resilience.polluted_tile.dev_encounter_4_10_furnace_core.dev_map_furnace_ash_fall.v1,3,2,true,true,false,false
pressure.layout_resilience.polluted_tile.dev_encounter_4_10_furnace_core.dev_map_furnace_ash_fall.v1,4,2,true,true,false,false
pressure.layout_resilience.polluted_tile.dev_encounter_4_10_furnace_core.dev_map_furnace_ash_fall.v1,0,3,true,true,false,false
pressure.layout_resilience.polluted_tile.dev_encounter_4_10_furnace_core.dev_map_furnace_ash_fall.v1,1,3,true,false,false,false
pressure.layout_resilience.polluted_tile.dev_encounter_4_10_furnace_core.dev_map_furnace_ash_fall.v1,2,3,true,true,false,false
pressure.layout_resilience.polluted_tile.dev_encounter_4_10_furnace_core.dev_map_furnace_ash_fall.v1,3,3,true,false,false,false
pressure.layout_resilience.polluted_tile.dev_encounter_4_10_furnace_core.dev_map_furnace_ash_fall.v1,4,3,true,true,false,false
pressure.layout_resilience.polluted_tile.dev_encounter_4_10_furnace_core.dev_map_furnace_ash_fall.v1,0,4,true,true,false,false
pressure.layout_resilience.polluted_tile.dev_encounter_4_10_furnace_core.dev_map_furnace_ash_fall.v1,1,4,true,true,false,false
pressure.layout_resilience.polluted_tile.dev_encounter_4_10_furnace_core.dev_map_furnace_ash_fall.v1,2,4,true,true,false,false
pressure.layout_resilience.polluted_tile.dev_encounter_4_10_furnace_core.dev_map_furnace_ash_fall.v1,3,4,true,true,false,false
pressure.layout_resilience.polluted_tile.dev_encounter_4_10_furnace_core.dev_map_furnace_ash_fall.v1,4,4,true,true,false,false
