caseId,area,expected,actual,diagnosticCode,result
"assignment-sha-before","source","6cb361ea6628cd6958f24247d77a43bb73d8241b1780d7e6614fea04cb914090","6cb361ea6628cd6958f24247d77a43bb73d8241b1780d7e6614fea04cb914090","ASSIGNMENT_SHA_MISMATCH","PASS"
"positive-first-stage-clear","positive","VALID","VALID","","PASS"
"positive-first-request","positive","VALID","VALID","","PASS"
"positive-first-roll-result","positive","VALID","VALID","","PASS"
"positive-first-reward-result","positive","VALID","VALID","","PASS"
"positive-first-claim","positive","VALID","VALID","","PASS"
"positive-first-dedupe","positive","VALID","VALID","","PASS"
"positive-repeat-pipeline","positive","VALID","VALID","","PASS"
"positive-offline-no-stage-clear-forgery","positive","VALID","VALID","","PASS"
"positive-offline-stage-clear-empty","positive","no StageClear identity","","OFFLINE_STAGE_CLEAR_FORGERY","PASS"
"positive-boss-first-clear-guaranteed","positive","VALID","VALID","","PASS"
"positive-campaign-stage-to-claim-correlation","positive","unchanged context and StageClear identity","7f03fe16359032d927d50dc310554fc736f9fbf34b790be624a73136d97c437f","CORRELATION_MISMATCH","PASS"
"positive-null-collection-normalization","positive","VALID","VALID","","PASS"
"positive-empty-collections-read-only","positive","0/0/0","0/0/0","EMPTY_NORMALIZATION_FAILED","PASS"
"positive-defensive-copy-all-collections","immutability","2/2/2/1","2/2/2/1","DEFENSIVE_COPY_FAILED","PASS"
"positive-exclusion-identity","positive","VALID","VALID","","PASS"
"positive-exclusion-set-normalization","positive","18bf18aa9d41b31c7ec4b4f475eed3823d3f2688411349a7128d36bcacd40000","18bf18aa9d41b31c7ec4b4f475eed3823d3f2688411349a7128d36bcacd40000","SET_CANONICALIZATION_FAILED","PASS"
"positive-invariant-culture-canonical","canonical","f07f849302e634023dc846672c05621fde1b15a35eef2e11f6dce07de20ad512","f07f849302e634023dc846672c05621fde1b15a35eef2e11f6dce07de20ad512","CULTURE_DEPENDENCY","PASS"
"positive-ordinal-identifier-comparison","canonical","case-sensitive","case-sensitive","ORDINAL_COMPARISON_FAILED","PASS"
"negative-zero-clear-sequence","negative","INVALID/CLEAR_SEQUENCE_INVALID","INVALID","CLEAR_SEQUENCE_INVALID","PASS"
"negative-empty-required-identity","negative","INVALID/IDENTITY_REQUIRED","INVALID","IDENTITY_REQUIRED","PASS"
"negative-unspecified-mode","negative","INVALID/ACQUISITION_MODE_INVALID","INVALID","ACQUISITION_MODE_INVALID","PASS"
"negative-unsupported-enum","negative","INVALID/ACQUISITION_MODE_INVALID","INVALID","ACQUISITION_MODE_INVALID","PASS"
"negative-zero-generation-version","negative","INVALID/GENERATION_VERSION_INVALID","INVALID","GENERATION_VERSION_INVALID","PASS"
"negative-duplicate-roll-slot","negative","INVALID/DUPLICATE_ROLL_SLOT","INVALID","DUPLICATE_ROLL_SLOT","PASS"
"negative-duplicate-roll-entry","negative","INVALID/DUPLICATE_ROLL_ENTRY","INVALID","DUPLICATE_ROLL_ENTRY","PASS"
"negative-duplicate-reward-entry","negative","INVALID/DUPLICATE_REWARD_ENTRY","INVALID","DUPLICATE_REWARD_ENTRY","PASS"
"negative-duplicate-item-instance","negative","INVALID/DUPLICATE_ITEM_INSTANCE","INVALID","DUPLICATE_ITEM_INSTANCE","PASS"
"negative-result-source-mismatch","negative","INVALID/RESULT_SOURCE_MISMATCH","INVALID","RESULT_SOURCE_MISMATCH","PASS"
"negative-result-stage-mismatch","negative","INVALID/RESULT_STAGE_MISMATCH","INVALID","RESULT_STAGE_MISMATCH","PASS"
"negative-result-mode-mismatch","negative","INVALID/RESULT_MODE_MISMATCH","INVALID","RESULT_MODE_MISMATCH","PASS"
"negative-result-seed-mismatch","negative","INVALID/RESULT_SEED_MISMATCH","INVALID","RESULT_SEED_MISMATCH","PASS"
"negative-result-generation-mismatch","negative","INVALID/RESULT_GENERATION_MISMATCH","INVALID","RESULT_GENERATION_MISMATCH","PASS"
"negative-result-pool-mismatch","negative","INVALID/RESULT_POOL_MISMATCH","INVALID","RESULT_POOL_MISMATCH","PASS"
"negative-result-pool-version-mismatch","negative","INVALID/RESULT_POOL_VERSION_MISMATCH","INVALID","RESULT_POOL_VERSION_MISMATCH","PASS"
"negative-result-tier-profile-mismatch","negative","INVALID/RESULT_TIER_PROFILE_MISMATCH","INVALID","RESULT_TIER_PROFILE_MISMATCH","PASS"
"negative-result-attribute-band-mismatch","negative","INVALID/RESULT_ATTRIBUTE_BAND_MISMATCH","INVALID","RESULT_ATTRIBUTE_BAND_MISMATCH","PASS"
"negative-result-roll-policy-mismatch","negative","INVALID/RESULT_ROLL_POLICY_MISMATCH","INVALID","RESULT_ROLL_POLICY_MISMATCH","PASS"
"negative-result-context-mismatch","negative","INVALID/RESULT_CONTEXT_MISMATCH","INVALID","PRODUCT_CONTEXT_REJECTED|RESULT_CONTEXT_MISMATCH","PASS"
"negative-result-slot-not-in-request","negative","INVALID/ROLL_SLOT_NOT_FOUND","INVALID","ROLL_SLOT_NOT_FOUND","PASS"
"negative-reused-roll-slot","negative","INVALID/REUSED_ROLL_SLOT","INVALID","REUSED_ROLL_SLOT|ROLL_SLOT_CONSUMPTION_INCOMPLETE","PASS"
"negative-ordinary-item-missing-instance","negative","INVALID/IDENTITY_REQUIRED","INVALID","IDENTITY_REQUIRED|IDENTITY_REQUIRED","PASS"
"negative-resource-forges-item-instance","negative","INVALID/NON_ITEM_INSTANCE_FORGED","INVALID","NON_ITEM_INSTANCE_FORGED","PASS"
"negative-zero-quantity","negative","INVALID/QUANTITY_INVALID","INVALID","QUANTITY_INVALID","PASS"
"negative-first-clear-fixed-on-repeat","negative","INVALID/FIRST_CLEAR_GRANT_MODE_INVALID","INVALID","FIRST_CLEAR_GRANT_MODE_INVALID","PASS"
"negative-first-clear-fixed-on-offline","negative","INVALID/FIRST_CLEAR_GRANT_MODE_INVALID","INVALID","FIRST_CLEAR_GRANT_MODE_INVALID","PASS"
"negative-boss-grant-on-non-boss","negative","INVALID/BOSS_STAGE_REQUIRED","INVALID","BOSS_STAGE_REQUIRED","PASS"
"negative-special-grant-on-repeat","negative","INVALID/SPECIAL_GRANT_MODE_INVALID","INVALID","SPECIAL_GRANT_MODE_INVALID","PASS"
"negative-special-grant-on-offline","negative","INVALID/SPECIAL_GRANT_MODE_INVALID","INVALID","SPECIAL_GRANT_MODE_INVALID","PASS"
"negative-special-subject-ordinary-BossExclusive","negative","INVALID/SPECIAL_SUBJECT_IN_ORDINARY_ROLL","INVALID","SPECIAL_SUBJECT_IN_ORDINARY_ROLL","PASS"
"negative-special-subject-ordinary-SystemRhythmSpecial","negative","INVALID/SPECIAL_SUBJECT_IN_ORDINARY_ROLL","INVALID","SPECIAL_SUBJECT_IN_ORDINARY_ROLL","PASS"
"negative-special-subject-ordinary-StoryCritical","negative","INVALID/SPECIAL_SUBJECT_IN_ORDINARY_ROLL","INVALID","SPECIAL_SUBJECT_IN_ORDINARY_ROLL","PASS"
"negative-special-subject-ordinary-CosmeticSkin","negative","INVALID/SPECIAL_SUBJECT_IN_ORDINARY_ROLL","INVALID","SPECIAL_SUBJECT_IN_ORDINARY_ROLL","PASS"
"negative-showcase-product-request","context","INVALID/PRODUCT_CONTEXT_REJECTED","INVALID","PRODUCT_CONTEXT_REJECTED|REQUEST_CONTEXT_MISMATCH","PASS"
"negative-dev-showcase-product-pair","context","INVALID/FROZEN_CONTEXT_IDENTITY_INVALID","INVALID","FROZEN_CONTEXT_IDENTITY_INVALID|PRODUCT_CONTEXT_REJECTED|REQUEST_CONTEXT_MISMATCH","PASS"
"negative-campaign-diagnostics-pair","context","INVALID/FROZEN_CONTEXT_IDENTITY_INVALID","INVALID","FROZEN_CONTEXT_IDENTITY_INVALID|PRODUCT_CONTEXT_REJECTED|REQUEST_CONTEXT_MISMATCH","PASS"
"positive-showcase-stage-clear-fact-only","context","VALID","VALID","","PASS"
"negative-showcase-drop-roll-result","context","INVALID/PRODUCT_CONTEXT_REJECTED","INVALID","PRODUCT_CONTEXT_REJECTED|PRODUCT_CONTEXT_REJECTED","PASS"
"negative-showcase-reward-result","context","INVALID/PRODUCT_CONTEXT_REJECTED","INVALID","PRODUCT_CONTEXT_REJECTED|PRODUCT_CONTEXT_REJECTED|PRODUCT_CONTEXT_REJECTED","PASS"
"negative-showcase-claim","context","INVALID/PRODUCT_CONTEXT_REJECTED","INVALID","PRODUCT_CONTEXT_REJECTED","PASS"
"negative-showcase-dedupe","context","INVALID/PRODUCT_CONTEXT_REJECTED","INVALID","PRODUCT_CONTEXT_REJECTED","PASS"
"negative-same-stage-campaign-vs-showcase","context","campaign valid; showcase product grant count=0","campaign valid; showcase product grant count=0","CONTEXT_ELIGIBILITY_INFERENCE","PASS"
"negative-I031-explicit-category-excluded","special-exclusion","INVALID/SPECIAL_SUBJECT_IN_ORDINARY_ROLL","INVALID","SPECIAL_SUBJECT_IN_ORDINARY_ROLL","PASS"
"negative-non-I031-same-category-excluded","special-exclusion","INVALID/SPECIAL_SUBJECT_IN_ORDINARY_ROLL","INVALID","SPECIAL_SUBJECT_IN_ORDINARY_ROLL","PASS"
"negative-category-based-exclusion-identical","special-exclusion","SPECIAL_SUBJECT_IN_ORDINARY_ROLL","SPECIAL_SUBJECT_IN_ORDINARY_ROLL","STRING_ID_INFERENCE_DETECTED","PASS"
"canonical-1000-repeat","canonical","1000","1000","CANONICAL_REPEAT_MISMATCH","PASS"
"delta-request-identity","canonical-delta","signature changes","signature changes","CANONICAL_DELTA_MISSING","PASS"
"delta-acquisition-mode","canonical-delta","signature changes","signature changes","CANONICAL_DELTA_MISSING","PASS"
"delta-correlation-stage","canonical-delta","signature changes","signature changes","CANONICAL_DELTA_MISSING","PASS"
"delta-root-seed","canonical-delta","signature changes","signature changes","CANONICAL_DELTA_MISSING","PASS"
"delta-generation-version","canonical-delta","signature changes","signature changes","CANONICAL_DELTA_MISSING","PASS"
"delta-pool-version","canonical-delta","signature changes","signature changes","CANONICAL_DELTA_MISSING","PASS"
"delta-tier-profile","canonical-delta","signature changes","signature changes","CANONICAL_DELTA_MISSING","PASS"
"delta-attribute-band","canonical-delta","signature changes","signature changes","CANONICAL_DELTA_MISSING","PASS"
"delta-roll-policy","canonical-delta","signature changes","signature changes","CANONICAL_DELTA_MISSING","PASS"
"delta-launch-context","canonical-delta","signature changes","signature changes","CANONICAL_DELTA_MISSING","PASS"
"delta-persistence-policy","canonical-delta","signature changes","signature changes","CANONICAL_DELTA_MISSING","PASS"
"delta-subject-category","canonical-delta","signature changes","signature changes","CANONICAL_DELTA_MISSING","PASS"
"delta-item-instance","canonical-delta","signature changes","signature changes","CANONICAL_DELTA_MISSING","PASS"
"delta-source-canonical-signature","canonical-delta","signature changes","signature changes","CANONICAL_DELTA_MISSING","PASS"
"delta-quantity","canonical-delta","signature changes","signature changes","CANONICAL_DELTA_MISSING","PASS"
"public-mutation-surface-scan","immutability","0 violations","","PUBLIC_MUTATION_SURFACE","PASS"
"validation-errors-immutable","immutability","read-only","read-only","MUTABLE_VALIDATION_ERRORS","PASS"
"forbidden-nondeterministic-and-dependency-scan","leak","0 hits","","FORBIDDEN_RUNTIME_DEPENDENCY","PASS"
"runtime-I031-literal-scan","leak","0","0","RUNTIME_SPECIAL_ID_LITERAL","PASS"
"context-inference-source-scan","leak","0 hits","","CONTEXT_INFERENCE_SOURCE","PASS"
"context-inference-contract-field-scan","leak","0 fields","","CONTEXT_INFERENCE_FIELD","PASS"
"runtime-pure-csharp-scan","leak","pure C# contracts","pure C# contracts","NON_CSHARP_RUNTIME_ASSET","PASS"
"assignment-sha-after","source","6cb361ea6628cd6958f24247d77a43bb73d8241b1780d7e6614fea04cb914090","6cb361ea6628cd6958f24247d77a43bb73d8241b1780d7e6614fea04cb914090","ASSIGNMENT_SHA_MISMATCH","PASS"
"exact-whitelist-files-exist","whitelist","25","25","WHITELIST_FILE_MISSING","PASS"
"out-of-whitelist-actions","whitelist","0","0","OUT_OF_WHITELIST_WRITE","PASS"
