caseId,result,detail
"candidate-I001-white",PASS,"seed=810000; ranges=4; qualification=None"
"candidate-I001-green",PASS,"seed=810001; ranges=4; qualification=QiLeiOnly"
"candidate-I001-blue",PASS,"seed=810002; ranges=4; qualification=None"
"candidate-I001-purple",PASS,"seed=810003; ranges=4; qualification=FaMenOnly"
"candidate-I001-orange",PASS,"seed=810004; ranges=4; qualification=Dual"
"candidate-I002-white",PASS,"seed=810005; ranges=4; qualification=None"
"candidate-I002-green",PASS,"seed=810006; ranges=4; qualification=None"
"candidate-I002-blue",PASS,"seed=810007; ranges=4; qualification=QiLeiOnly"
"candidate-I002-purple",PASS,"seed=810008; ranges=4; qualification=None"
"candidate-I002-orange",PASS,"seed=810009; ranges=4; qualification=FaMenOnly"
"candidate-I003-white",PASS,"seed=810010; ranges=4; qualification=None"
"candidate-I003-green",PASS,"seed=810011; ranges=4; qualification=None"
"candidate-I003-blue",PASS,"seed=810012; ranges=4; qualification=QiLeiOnly"
"candidate-I003-purple",PASS,"seed=810013; ranges=4; qualification=QiLeiOnly"
"candidate-I003-orange",PASS,"seed=810014; ranges=4; qualification=Dual"
"candidate-I004-white",PASS,"seed=810015; ranges=4; qualification=None"
"candidate-I004-green",PASS,"seed=810016; ranges=4; qualification=None"
"candidate-I004-blue",PASS,"seed=810017; ranges=4; qualification=Dual"
"candidate-I004-purple",PASS,"seed=810018; ranges=4; qualification=None"
"candidate-I004-orange",PASS,"seed=810019; ranges=4; qualification=FaMenOnly"
"candidate-I005-white",PASS,"seed=810020; ranges=4; qualification=None"
"candidate-I005-green",PASS,"seed=810021; ranges=4; qualification=FaMenOnly"
"candidate-I005-blue",PASS,"seed=810022; ranges=4; qualification=QiLeiOnly"
"candidate-I005-purple",PASS,"seed=810023; ranges=4; qualification=Dual"
"candidate-I005-orange",PASS,"seed=810024; ranges=4; qualification=None"
"candidate-I006-white",PASS,"seed=810025; ranges=4; qualification=None"
"candidate-I006-green",PASS,"seed=810026; ranges=4; qualification=FaMenOnly"
"candidate-I006-blue",PASS,"seed=810027; ranges=4; qualification=QiLeiOnly"
"candidate-I006-purple",PASS,"seed=810028; ranges=4; qualification=None"
"candidate-I006-orange",PASS,"seed=810029; ranges=4; qualification=FaMenOnly"
"candidate-I007-white",PASS,"seed=810030; ranges=4; qualification=None"
"candidate-I007-green",PASS,"seed=810031; ranges=4; qualification=FaMenOnly"
"candidate-I007-blue",PASS,"seed=810032; ranges=4; qualification=None"
"candidate-I007-purple",PASS,"seed=810033; ranges=4; qualification=FaMenOnly"
"candidate-I007-orange",PASS,"seed=810034; ranges=4; qualification=FaMenOnly"
"candidate-I008-white",PASS,"seed=810035; ranges=4; qualification=None"
"candidate-I008-green",PASS,"seed=810036; ranges=4; qualification=None"
"candidate-I008-blue",PASS,"seed=810037; ranges=4; qualification=QiLeiOnly"
"candidate-I008-purple",PASS,"seed=810038; ranges=4; qualification=Dual"
"candidate-I008-orange",PASS,"seed=810039; ranges=4; qualification=Dual"
"candidate-I009-white",PASS,"seed=810040; ranges=4; qualification=None"
"candidate-I009-green",PASS,"seed=810041; ranges=4; qualification=FaMenOnly"
"candidate-I009-blue",PASS,"seed=810042; ranges=4; qualification=QiLeiOnly"
"candidate-I009-purple",PASS,"seed=810043; ranges=4; qualification=None"
"candidate-I009-orange",PASS,"seed=810044; ranges=4; qualification=Dual"
"candidate-I010-white",PASS,"seed=810045; ranges=4; qualification=None"
"candidate-I010-green",PASS,"seed=810046; ranges=4; qualification=None"
"candidate-I010-blue",PASS,"seed=810047; ranges=4; qualification=FaMenOnly"
"candidate-I010-purple",PASS,"seed=810048; ranges=4; qualification=Dual"
"candidate-I010-orange",PASS,"seed=810049; ranges=4; qualification=FaMenOnly"
"candidate-I011-white",PASS,"seed=810050; ranges=4; qualification=None"
"candidate-I011-green",PASS,"seed=810051; ranges=4; qualification=None"
"candidate-I011-blue",PASS,"seed=810052; ranges=4; qualification=QiLeiOnly"
"candidate-I011-purple",PASS,"seed=810053; ranges=4; qualification=QiLeiOnly"
"candidate-I011-orange",PASS,"seed=810054; ranges=4; qualification=FaMenOnly"
"candidate-I012-white",PASS,"seed=810055; ranges=4; qualification=None"
"candidate-I012-green",PASS,"seed=810056; ranges=4; qualification=None"
"candidate-I012-blue",PASS,"seed=810057; ranges=4; qualification=None"
"candidate-I012-purple",PASS,"seed=810058; ranges=4; qualification=None"
"candidate-I012-orange",PASS,"seed=810059; ranges=4; qualification=Dual"
"candidate-I013-white",PASS,"seed=810060; ranges=4; qualification=None"
"candidate-I013-green",PASS,"seed=810061; ranges=4; qualification=None"
"candidate-I013-blue",PASS,"seed=810062; ranges=4; qualification=FaMenOnly"
"candidate-I013-purple",PASS,"seed=810063; ranges=4; qualification=FaMenOnly"
"candidate-I013-orange",PASS,"seed=810064; ranges=4; qualification=Dual"
"candidate-I014-white",PASS,"seed=810065; ranges=4; qualification=None"
"candidate-I014-green",PASS,"seed=810066; ranges=4; qualification=None"
"candidate-I014-blue",PASS,"seed=810067; ranges=4; qualification=FaMenOnly"
"candidate-I014-purple",PASS,"seed=810068; ranges=4; qualification=None"
"candidate-I014-orange",PASS,"seed=810069; ranges=4; qualification=Dual"
"candidate-I015-white",PASS,"seed=810070; ranges=4; qualification=None"
"candidate-I015-green",PASS,"seed=810071; ranges=4; qualification=FaMenOnly"
"candidate-I015-blue",PASS,"seed=810072; ranges=4; qualification=None"
"candidate-I015-purple",PASS,"seed=810073; ranges=4; qualification=None"
"candidate-I015-orange",PASS,"seed=810074; ranges=4; qualification=Dual"
"candidate-I016-white",PASS,"seed=810075; ranges=4; qualification=None"
"candidate-I016-green",PASS,"seed=810076; ranges=4; qualification=None"
"candidate-I016-blue",PASS,"seed=810077; ranges=4; qualification=FaMenOnly"
"candidate-I016-purple",PASS,"seed=810078; ranges=4; qualification=Dual"
"candidate-I016-orange",PASS,"seed=810079; ranges=4; qualification=FaMenOnly"
"candidate-I017-white",PASS,"seed=810080; ranges=4; qualification=None"
"candidate-I017-green",PASS,"seed=810081; ranges=4; qualification=None"
"candidate-I017-blue",PASS,"seed=810082; ranges=4; qualification=FaMenOnly"
"candidate-I017-purple",PASS,"seed=810083; ranges=4; qualification=Dual"
"candidate-I017-orange",PASS,"seed=810084; ranges=4; qualification=Dual"
"candidate-I018-white",PASS,"seed=810085; ranges=4; qualification=None"
"candidate-I018-green",PASS,"seed=810086; ranges=4; qualification=FaMenOnly"
"candidate-I018-blue",PASS,"seed=810087; ranges=4; qualification=QiLeiOnly"
"candidate-I018-purple",PASS,"seed=810088; ranges=4; qualification=Dual"
"candidate-I018-orange",PASS,"seed=810089; ranges=4; qualification=Dual"
"candidate-I019-white",PASS,"seed=810090; ranges=4; qualification=None"
"candidate-I019-green",PASS,"seed=810091; ranges=4; qualification=None"
"candidate-I019-blue",PASS,"seed=810092; ranges=4; qualification=None"
"candidate-I019-purple",PASS,"seed=810093; ranges=4; qualification=Dual"
"candidate-I019-orange",PASS,"seed=810094; ranges=4; qualification=Dual"
"candidate-I020-white",PASS,"seed=810095; ranges=4; qualification=None"
"candidate-I020-green",PASS,"seed=810096; ranges=4; qualification=None"
"candidate-I020-blue",PASS,"seed=810097; ranges=4; qualification=None"
"candidate-I020-purple",PASS,"seed=810098; ranges=4; qualification=QiLeiOnly"
"candidate-I020-orange",PASS,"seed=810099; ranges=4; qualification=Dual"
"candidate-I021-white",PASS,"seed=810100; ranges=4; qualification=None"
"candidate-I021-green",PASS,"seed=810101; ranges=4; qualification=None"
"candidate-I021-blue",PASS,"seed=810102; ranges=4; qualification=None"
"candidate-I021-purple",PASS,"seed=810103; ranges=4; qualification=FaMenOnly"
"candidate-I021-orange",PASS,"seed=810104; ranges=4; qualification=Dual"
"candidate-I022-white",PASS,"seed=810105; ranges=4; qualification=None"
"candidate-I022-green",PASS,"seed=810106; ranges=4; qualification=None"
"candidate-I022-blue",PASS,"seed=810107; ranges=4; qualification=None"
"candidate-I022-purple",PASS,"seed=810108; ranges=4; qualification=FaMenOnly"
"candidate-I022-orange",PASS,"seed=810109; ranges=4; qualification=QiLeiOnly"
"candidate-I023-white",PASS,"seed=810110; ranges=4; qualification=None"
"candidate-I023-green",PASS,"seed=810111; ranges=4; qualification=None"
"candidate-I023-blue",PASS,"seed=810112; ranges=4; qualification=None"
"candidate-I023-purple",PASS,"seed=810113; ranges=4; qualification=None"
"candidate-I023-orange",PASS,"seed=810114; ranges=4; qualification=Dual"
"candidate-I024-white",PASS,"seed=810115; ranges=4; qualification=None"
"candidate-I024-green",PASS,"seed=810116; ranges=4; qualification=None"
"candidate-I024-blue",PASS,"seed=810117; ranges=4; qualification=FaMenOnly"
"candidate-I024-purple",PASS,"seed=810118; ranges=4; qualification=QiLeiOnly"
"candidate-I024-orange",PASS,"seed=810119; ranges=4; qualification=Dual"
"candidate-I025-white",PASS,"seed=810120; ranges=4; qualification=None"
"candidate-I025-green",PASS,"seed=810121; ranges=4; qualification=None"
"candidate-I025-blue",PASS,"seed=810122; ranges=4; qualification=FaMenOnly"
"candidate-I025-purple",PASS,"seed=810123; ranges=4; qualification=QiLeiOnly"
"candidate-I025-orange",PASS,"seed=810124; ranges=4; qualification=FaMenOnly"
"candidate-I026-white",PASS,"seed=810125; ranges=4; qualification=None"
"candidate-I026-green",PASS,"seed=810126; ranges=4; qualification=QiLeiOnly"
"candidate-I026-blue",PASS,"seed=810127; ranges=4; qualification=None"
"candidate-I026-purple",PASS,"seed=810128; ranges=4; qualification=None"
"candidate-I026-orange",PASS,"seed=810129; ranges=4; qualification=Dual"
"candidate-I027-white",PASS,"seed=810130; ranges=4; qualification=None"
"candidate-I027-green",PASS,"seed=810131; ranges=4; qualification=None"
"candidate-I027-blue",PASS,"seed=810132; ranges=4; qualification=None"
"candidate-I027-purple",PASS,"seed=810133; ranges=4; qualification=QiLeiOnly"
"candidate-I027-orange",PASS,"seed=810134; ranges=4; qualification=QiLeiOnly"
"candidate-I028-white",PASS,"seed=810135; ranges=4; qualification=None"
"candidate-I028-green",PASS,"seed=810136; ranges=4; qualification=None"
"candidate-I028-blue",PASS,"seed=810137; ranges=4; qualification=FaMenOnly"
"candidate-I028-purple",PASS,"seed=810138; ranges=4; qualification=FaMenOnly"
"candidate-I028-orange",PASS,"seed=810139; ranges=4; qualification=Dual"
"candidate-I029-white",PASS,"seed=810140; ranges=4; qualification=None"
"candidate-I029-green",PASS,"seed=810141; ranges=4; qualification=None"
"candidate-I029-blue",PASS,"seed=810142; ranges=4; qualification=QiLeiOnly"
"candidate-I029-purple",PASS,"seed=810143; ranges=4; qualification=QiLeiOnly"
"candidate-I029-orange",PASS,"seed=810144; ranges=4; qualification=Dual"
"candidate-I030-white",PASS,"seed=810145; ranges=4; qualification=None"
"candidate-I030-green",PASS,"seed=810146; ranges=4; qualification=None"
"candidate-I030-blue",PASS,"seed=810147; ranges=4; qualification=Dual"
"candidate-I030-purple",PASS,"seed=810148; ranges=4; qualification=None"
"candidate-I030-orange",PASS,"seed=810149; ranges=4; qualification=Dual"
"candidate-counts",PASS,"combos=150/150; projections=150/150; details=150/150; deterministic=150/150; ranges=600/600"
"ordinary-pool-excludes-I031",PASS,"count=30; I031=0"
"editable-legal-build6-layout",PASS,"seeds=610000|610000|610001|610000|610000|610000; placements=7; count=6; stage=6"
"validation-layout-array-and-relay",PASS,"arrayActive=2; relay=5"
"main-build-explicit-default-none",PASS,"defaultNone=True; selected=famen:zhenlei"
"main-build-does-not-change-counts",PASS,"before=famen:lihuo=0|famen:taibai=0|famen:xuanshui=0|famen:zhenlei=6|famen:zhongyue=0|qilei:fa=1|qilei:fu=0|qilei:jing=1|qilei:ling=1|qilei:yin=0; after=famen:lihuo=0|famen:taibai=0|famen:xuanshui=0|famen:zhenlei=6|famen:zhongyue=0|qilei:fa=1|qilei:fu=0|qilei:jing=1|qilei:ling=1|qilei:yin=0"
"four-readonly-monitor-slots",PASS,"BasicAttack:True:famen:zhenlei | Build2:True:famen:zhenlei | Build4:True:famen:zhenlei | Build6:True:famen:zhenlei"
"build-stages-2-4-6",PASS,"Build2=2/2; Build4=4/4; Build6=6/6"
"qualification-none-not-counted",PASS,"qualification=None; lit=True; counted=False"
"same-base-owned-multiple-placement-unique",PASS,"owned=wb_i001_orange_610000|wb_i001_orange_610001; placed=P_WORKBENCH_0002; second=False/DuplicateBaseItemPlaced"
"core-visible-unlocked-active-layers",PASS,"Lv1=0/0; Lv40Unlit=5/0; Lv40Lit=5/5"
"full-detail-required-facts",PASS,"requiredFacts=20; missing=None; playerClean=True"
"scene-workbench-component",PASS,"ItemFullDetailBuildSandboxWorkbenchPanel"
"scene-serialized-ui-contract",PASS,"30/5/12/25/6/4"
"layout-1080x1920-no-major-column-overlap",PASS,"ItemNameListPanel:0.025-0.2 | ItemFullDetailBuildSandboxWorkbenchPanel:0.5-0.5 | ItemDetailPanel:0.5-0.5"
"layout-720x1280-no-major-column-overlap",PASS,"anchor-driven: ItemNameListPanel:0.025-0.2 | ItemFullDetailBuildSandboxWorkbenchPanel:0.5-0.5 | ItemDetailPanel:0.5-0.5"
"runtime-does-not-reset-manual-layout",PASS,"before=a=(0.50, 0.50)-(0.50, 0.50); p=(103.00, 0.00); s=(800.00, 1928.00); after=a=(0.50, 0.50)-(0.50, 0.50); p=(103.00, 0.00); s=(800.00, 1928.00)"
"sandbox-scene-not-in-build-settings",PASS,"not registered"
"runtime-layout-scan-ItemFullDetailBuildSandboxWorkbenchSession.cs-_anchoredPosition",PASS,".anchoredPosition"
"runtime-layout-scan-ItemFullDetailBuildSandboxWorkbenchSession.cs-_sizeDelta",PASS,".sizeDelta"
"runtime-layout-scan-ItemFullDetailBuildSandboxWorkbenchSession.cs-_offsetMin",PASS,".offsetMin"
"runtime-layout-scan-ItemFullDetailBuildSandboxWorkbenchSession.cs-_offsetMax",PASS,".offsetMax"
"runtime-layout-scan-ItemFullDetailBuildSandboxWorkbenchSession.cs-_preferredWidth",PASS,".preferredWidth"
"runtime-layout-scan-ItemFullDetailBuildSandboxWorkbenchSession.cs-_preferredHeight",PASS,".preferredHeight"
"runtime-layout-scan-ItemFullDetailBuildSandboxWorkbenchSession.cs-_spacing",PASS,".spacing"
"runtime-layout-scan-ItemFullDetailBuildSandboxWorkbenchSession.cs-_padding",PASS,".padding"
"runtime-layout-scan-ItemFullDetailBuildSandboxWorkbenchSession.cs-_fontSize",PASS,".fontSize"
"scope-leak-ItemFullDetailBuildSandboxWorkbenchSession.cs-UnifiedBattlePage",PASS,"UnifiedBattlePage"
"scope-leak-ItemFullDetailBuildSandboxWorkbenchSession.cs-BattleContract",PASS,"BattleContract"
"scope-leak-ItemFullDetailBuildSandboxWorkbenchSession.cs-BattleAdapter",PASS,"BattleAdapter"
"scope-leak-ItemFullDetailBuildSandboxWorkbenchSession.cs-BattleBridge",PASS,"BattleBridge"
"scope-leak-ItemFullDetailBuildSandboxWorkbenchSession.cs-V02RunFlowController",PASS,"V02RunFlowController"
"scope-leak-ItemFullDetailBuildSandboxWorkbenchSession.cs-V03RunFlow",PASS,"V03RunFlow"
"scope-leak-ItemFullDetailBuildSandboxWorkbenchSession.cs-RewardResolver",PASS,"RewardResolver"
"scope-leak-ItemFullDetailBuildSandboxWorkbenchSession.cs-InventoryService",PASS,"InventoryService"
"scope-leak-ItemFullDetailBuildSandboxWorkbenchSession.cs-SaveData",PASS,"SaveData"
"scope-leak-ItemFullDetailBuildSandboxWorkbenchSession.cs-BossController",PASS,"BossController"
"scope-leak-ItemFullDetailBuildSandboxWorkbenchSession.cs-EditorBuildSettings_scenes__",PASS,"EditorBuildSettings.scenes ="
"scope-leak-ItemFullDetailBuildSandboxWorkbenchSession.cs-UnityEngine_Random",PASS,"UnityEngine.Random"
"scope-leak-ItemFullDetailBuildSandboxWorkbenchSession.cs-string_GetHashCode",PASS,"string.GetHashCode"
"runtime-layout-scan-ItemFullDetailBuildSandboxWorkbenchView.cs-_anchoredPosition",PASS,".anchoredPosition"
"runtime-layout-scan-ItemFullDetailBuildSandboxWorkbenchView.cs-_sizeDelta",PASS,".sizeDelta"
"runtime-layout-scan-ItemFullDetailBuildSandboxWorkbenchView.cs-_offsetMin",PASS,".offsetMin"
"runtime-layout-scan-ItemFullDetailBuildSandboxWorkbenchView.cs-_offsetMax",PASS,".offsetMax"
"runtime-layout-scan-ItemFullDetailBuildSandboxWorkbenchView.cs-_preferredWidth",PASS,".preferredWidth"
"runtime-layout-scan-ItemFullDetailBuildSandboxWorkbenchView.cs-_preferredHeight",PASS,".preferredHeight"
"runtime-layout-scan-ItemFullDetailBuildSandboxWorkbenchView.cs-_spacing",PASS,".spacing"
"runtime-layout-scan-ItemFullDetailBuildSandboxWorkbenchView.cs-_padding",PASS,".padding"
"runtime-layout-scan-ItemFullDetailBuildSandboxWorkbenchView.cs-_fontSize",PASS,".fontSize"
"scope-leak-ItemFullDetailBuildSandboxWorkbenchView.cs-UnifiedBattlePage",PASS,"UnifiedBattlePage"
"scope-leak-ItemFullDetailBuildSandboxWorkbenchView.cs-BattleContract",PASS,"BattleContract"
"scope-leak-ItemFullDetailBuildSandboxWorkbenchView.cs-BattleAdapter",PASS,"BattleAdapter"
"scope-leak-ItemFullDetailBuildSandboxWorkbenchView.cs-BattleBridge",PASS,"BattleBridge"
"scope-leak-ItemFullDetailBuildSandboxWorkbenchView.cs-V02RunFlowController",PASS,"V02RunFlowController"
"scope-leak-ItemFullDetailBuildSandboxWorkbenchView.cs-V03RunFlow",PASS,"V03RunFlow"
"scope-leak-ItemFullDetailBuildSandboxWorkbenchView.cs-RewardResolver",PASS,"RewardResolver"
"scope-leak-ItemFullDetailBuildSandboxWorkbenchView.cs-InventoryService",PASS,"InventoryService"
"scope-leak-ItemFullDetailBuildSandboxWorkbenchView.cs-SaveData",PASS,"SaveData"
"scope-leak-ItemFullDetailBuildSandboxWorkbenchView.cs-BossController",PASS,"BossController"
"scope-leak-ItemFullDetailBuildSandboxWorkbenchView.cs-EditorBuildSettings_scenes__",PASS,"EditorBuildSettings.scenes ="
"scope-leak-ItemFullDetailBuildSandboxWorkbenchView.cs-UnityEngine_Random",PASS,"UnityEngine.Random"
"scope-leak-ItemFullDetailBuildSandboxWorkbenchView.cs-string_GetHashCode",PASS,"string.GetHashCode"
"protected-hash-Assets__Game_Configs_ItemBalanceWorkbench",PASS,"before=F941C253288D9D0D77AC25EB50716BA76F49E293DD58EA921927798102301915; after=F941C253288D9D0D77AC25EB50716BA76F49E293DD58EA921927798102301915"
"protected-hash-Assets__Game_Scripts_TalismanBag_Items_Generation",PASS,"before=5434BD4C7422681FBAC775ACA2C496B4C8A9EC4B772F1BFB096366533BB527B8; after=5434BD4C7422681FBAC775ACA2C496B4C8A9EC4B772F1BFB096366533BB527B8"
"protected-hash-Assets__Game_Prefabs",PASS,"before=372B1E7DB1C94BA48E412D7946686556D640D414EAB77E339C32FA3E88044B5D; after=372B1E7DB1C94BA48E412D7946686556D640D414EAB77E339C32FA3E88044B5D"
"protected-hash-ProjectSettings_EditorBuildSettings_asset",PASS,"before=1079B5D8CEC522B3825F7E55C79FC972C7DA1D0F024FAF7885CBFD92F94EE9D0; after=1079B5D8CEC522B3825F7E55C79FC972C7DA1D0F024FAF7885CBFD92F94EE9D0"
"protected-hash-Assets__Game_Scripts_TalismanBag_Items_ItemSystemSnapshot_cs",PASS,"before=E517B783D839941488F73BFDB23E18B78DF3A8F81FB342622FF1056EDFA58342; after=E517B783D839941488F73BFDB23E18B78DF3A8F81FB342622FF1056EDFA58342"
"regression-report-ItemInnerDataCatalogReport.md",PASS,"Docs/V0.4/Reports/ItemInnerDataCatalogReport.md"
"regression-report-ItemGridPlacementAndEyeRuleReport.md",PASS,"Docs/V0.4/Reports/ItemGridPlacementAndEyeRuleReport.md"
"regression-report-JuNianLightingAndAdjacentRelayReport.md",PASS,"Docs/V0.4/Reports/JuNianLightingAndAdjacentRelayReport.md"
"regression-report-ArrayBonusCellResolverReport.md",PASS,"Docs/V0.4/Reports/ArrayBonusCellResolverReport.md"
"regression-report-BuildSynergyCoreReport.md",PASS,"Docs/V0.4/Reports/BuildSynergyCoreReport.md"
"regression-report-CoreAwakeningPreviewReport.md",PASS,"Docs/V0.4/Reports/CoreAwakeningPreviewReport.md"
"regression-report-ItemSkillTriggerContractReport.md",PASS,"Docs/V0.4/Reports/ItemSkillTriggerContractReport.md"
"regression-report-ItemDetailProjectionCompleteReport.md",PASS,"Docs/V0.4/Reports/ItemDetailProjectionCompleteReport.md"
"regression-report-ItemSystemValidatorAndSnapshotReport.md",PASS,"Docs/V0.4/Reports/ItemSystemValidatorAndSnapshotReport.md"
"regression-report-ItemBalanceWorkbenchReport.md",PASS,"Docs/V0.4/Reports/ItemBalanceWorkbenchReport.md"
"regression-report-ItemBalanceCandidateDetailSandboxAdapterReport.md",PASS,"Docs/V0.4/Reports/ItemBalanceCandidateDetailSandboxAdapterReport.md"
