baseItemId,nodeKind,candidateDefinitionId,awakeningNodeId,candidateUnlockLevel,awakeningUnlockLevel,requiredRarity,requiredRarityKey,displayName,description,candidatePayloadIdentity,candidateSourceIdentity,awakeningSourceIdentity,schemaId,authorityRevision
"I001","Core1","candidate_core_i001_01","I001_CORE_01","10","10","White","white","震雷符·初识","震雷符点亮后，“引雷”的基础候选效果获得第一层强化。","candidate_core_i001_01#17640a8df7b72a646d0f08fc43da01c3a8732fd23984f0ef4172b164bfe2ff8d","ItemBalanceWorkbenchCatalog/ITEM_FOUR_CORE_CANDIDATE_DATA_CORRECTION01_R1/I001/candidate_core_i001_01","TalismanBag.Items.Awakening.DefaultItemCoreEffectDefinitionProvider/I001/I001_CORE_01","ItemCoreEffectIdentityCatalogSnapshot.v2","ITEM_FOUR_CORE_AWAKENING_RUNTIME_CONTRACT_CORRECTION01_R1"
"I001","Core2","candidate_core_i001_02","I001_CORE_02","20","20","Green","green","震雷符·承式","触发“引雷”后返还一部分节奏资源，并保留下一次触发条件。","candidate_core_i001_02#6258ac02268f09c8a1abad00e898f0cae68690c6bf3f7a3f9dfa27050cbbaf44","ItemBalanceWorkbenchCatalog/ITEM_FOUR_CORE_CANDIDATE_DATA_CORRECTION01_R1/I001/candidate_core_i001_02","TalismanBag.Items.Awakening.DefaultItemCoreEffectDefinitionProvider/I001/I001_CORE_02","ItemCoreEffectIdentityCatalogSnapshot.v2","ITEM_FOUR_CORE_AWAKENING_RUNTIME_CONTRACT_CORRECTION01_R1"
"I001","Core3","candidate_core_i001_03","I001_CORE_03","30","30","Blue","blue","震雷符·合脉","同属zhenlei法门的已点亮道具达到Build2时，“引雷”追加协同数值。","candidate_core_i001_03#c02ca002c179f70c27820ebe98bd487571c374ab08151f6ea94b2cd01bf1f388","ItemBalanceWorkbenchCatalog/ITEM_FOUR_CORE_CANDIDATE_DATA_CORRECTION01_R1/I001/candidate_core_i001_03","TalismanBag.Items.Awakening.DefaultItemCoreEffectDefinitionProvider/I001/I001_CORE_03","ItemCoreEffectIdentityCatalogSnapshot.v2","ITEM_FOUR_CORE_AWAKENING_RUNTIME_CONTRACT_CORRECTION01_R1"
"I001","Ultimate","candidate_core_i001_ultimate","I001_CORE_ULT","40","40","Orange","orange","震雷符·成法","震雷符完成成法后，将“引雷”的触发结果转换为一次不消耗原状态的机制回响；每轮限一次。","candidate_core_i001_ultimate#7c06845bfe64787a53503f6d3d89bdc499cd11c565dd46cbab8dc5d4dfe12fc8","ItemBalanceWorkbenchCatalog/ITEM_FOUR_CORE_CANDIDATE_DATA_CORRECTION01_R1/I001/candidate_core_i001_ultimate","TalismanBag.Items.Awakening.DefaultItemCoreEffectDefinitionProvider/I001/I001_CORE_ULT","ItemCoreEffectIdentityCatalogSnapshot.v2","ITEM_FOUR_CORE_AWAKENING_RUNTIME_CONTRACT_CORRECTION01_R1"
"I002","Core1","candidate_core_i002_01","I002_CORE_01","10","10","White","white","五雷急符·初识","五雷急符点亮后，“急引”的基础候选效果获得第一层强化。","candidate_core_i002_01#f62797ed38ea0e579c799fc199da6faec23400a231d04405dbfef35664090e16","ItemBalanceWorkbenchCatalog/ITEM_FOUR_CORE_CANDIDATE_DATA_CORRECTION01_R1/I002/candidate_core_i002_01","TalismanBag.Items.Awakening.DefaultItemCoreEffectDefinitionProvider/I002/I002_CORE_01","ItemCoreEffectIdentityCatalogSnapshot.v2","ITEM_FOUR_CORE_AWAKENING_RUNTIME_CONTRACT_CORRECTION01_R1"
"I002","Core2","candidate_core_i002_02","I002_CORE_02","20","20","Green","green","五雷急符·承式","触发“急引”后返还一部分节奏资源，并保留下一次触发条件。","candidate_core_i002_02#41cbf2d2c44810517635da0fae5271f41c8faf5ca2c207f752746c47952ffe4b","ItemBalanceWorkbenchCatalog/ITEM_FOUR_CORE_CANDIDATE_DATA_CORRECTION01_R1/I002/candidate_core_i002_02","TalismanBag.Items.Awakening.DefaultItemCoreEffectDefinitionProvider/I002/I002_CORE_02","ItemCoreEffectIdentityCatalogSnapshot.v2","ITEM_FOUR_CORE_AWAKENING_RUNTIME_CONTRACT_CORRECTION01_R1"
"I002","Core3","candidate_core_i002_03","I002_CORE_03","30","30","Blue","blue","五雷急符·合脉","同属zhenlei法门的已点亮道具达到Build2时，“急引”追加协同数值。","candidate_core_i002_03#dd81591ef98208d194024e6ae7d91512b4ea2a53cb1da8492fbca2bee9f72200","ItemBalanceWorkbenchCatalog/ITEM_FOUR_CORE_CANDIDATE_DATA_CORRECTION01_R1/I002/candidate_core_i002_03","TalismanBag.Items.Awakening.DefaultItemCoreEffectDefinitionProvider/I002/I002_CORE_03","ItemCoreEffectIdentityCatalogSnapshot.v2","ITEM_FOUR_CORE_AWAKENING_RUNTIME_CONTRACT_CORRECTION01_R1"
"I002","Ultimate","candidate_core_i002_ultimate","I002_CORE_ULT","40","40","Orange","orange","五雷急符·成法","五雷急符完成成法后，将“急引”的触发结果转换为一次不消耗原状态的机制回响；每轮限一次。","candidate_core_i002_ultimate#601a50bfa82fb885f875f41df868b21a341c5eafbb33086c2939bda8a0997249","ItemBalanceWorkbenchCatalog/ITEM_FOUR_CORE_CANDIDATE_DATA_CORRECTION01_R1/I002/candidate_core_i002_ultimate","TalismanBag.Items.Awakening.DefaultItemCoreEffectDefinitionProvider/I002/I002_CORE_ULT","ItemCoreEffectIdentityCatalogSnapshot.v2","ITEM_FOUR_CORE_AWAKENING_RUNTIME_CONTRACT_CORRECTION01_R1"
"I003","Core1","candidate_core_i003_01","I003_CORE_01","10","10","White","white","震雷破壳印·初识","震雷破壳印点亮后，“破壳”的基础候选效果获得第一层强化。","candidate_core_i003_01#ae9b315ffa757dda3aff7aff0514c3eb03fa5a8170e0cdad5b87a7beeb759bad","ItemBalanceWorkbenchCatalog/ITEM_FOUR_CORE_CANDIDATE_DATA_CORRECTION01_R1/I003/candidate_core_i003_01","TalismanBag.Items.Awakening.DefaultItemCoreEffectDefinitionProvider/I003/I003_CORE_01","ItemCoreEffectIdentityCatalogSnapshot.v2","ITEM_FOUR_CORE_AWAKENING_RUNTIME_CONTRACT_CORRECTION01_R1"
"I003","Core2","candidate_core_i003_02","I003_CORE_02","20","20","Green","green","震雷破壳印·承式","触发“破壳”后返还一部分节奏资源，并保留下一次触发条件。","candidate_core_i003_02#b873c2c5484130d5c061549c83b14548ebfe1d7f428492d70a346feeb89d4352","ItemBalanceWorkbenchCatalog/ITEM_FOUR_CORE_CANDIDATE_DATA_CORRECTION01_R1/I003/candidate_core_i003_02","TalismanBag.Items.Awakening.DefaultItemCoreEffectDefinitionProvider/I003/I003_CORE_02","ItemCoreEffectIdentityCatalogSnapshot.v2","ITEM_FOUR_CORE_AWAKENING_RUNTIME_CONTRACT_CORRECTION01_R1"
"I003","Core3","candidate_core_i003_03","I003_CORE_03","30","30","Blue","blue","震雷破壳印·合脉","同属zhenlei法门的已点亮道具达到Build2时，“破壳”追加协同数值。","candidate_core_i003_03#3932a5e387cb035302b7f85e6d455a01a849ba93df500f04ddcc36b1d98c57e2","ItemBalanceWorkbenchCatalog/ITEM_FOUR_CORE_CANDIDATE_DATA_CORRECTION01_R1/I003/candidate_core_i003_03","TalismanBag.Items.Awakening.DefaultItemCoreEffectDefinitionProvider/I003/I003_CORE_03","ItemCoreEffectIdentityCatalogSnapshot.v2","ITEM_FOUR_CORE_AWAKENING_RUNTIME_CONTRACT_CORRECTION01_R1"
"I003","Ultimate","candidate_core_i003_ultimate","I003_CORE_ULT","40","40","Orange","orange","震雷破壳印·成法","震雷破壳印完成成法后，将“破壳”的触发结果转换为一次不消耗原状态的机制回响；每轮限一次。","candidate_core_i003_ultimate#6f096506831408248b0e8bfe49da652d00778e47a743402396f59aa84df9e9e3","ItemBalanceWorkbenchCatalog/ITEM_FOUR_CORE_CANDIDATE_DATA_CORRECTION01_R1/I003/candidate_core_i003_ultimate","TalismanBag.Items.Awakening.DefaultItemCoreEffectDefinitionProvider/I003/I003_CORE_ULT","ItemCoreEffectIdentityCatalogSnapshot.v2","ITEM_FOUR_CORE_AWAKENING_RUNTIME_CONTRACT_CORRECTION01_R1"
"I004","Core1","candidate_core_i004_01","I004_CORE_01","10","10","White","white","五雷急令·初识","五雷急令点亮后，“催雷”的基础候选效果获得第一层强化。","candidate_core_i004_01#61763dae5f2935a8b020ba18a70583ae8ac025d1d6c7b0e99a7ff0591f4920ab","ItemBalanceWorkbenchCatalog/ITEM_FOUR_CORE_CANDIDATE_DATA_CORRECTION01_R1/I004/candidate_core_i004_01","TalismanBag.Items.Awakening.DefaultItemCoreEffectDefinitionProvider/I004/I004_CORE_01","ItemCoreEffectIdentityCatalogSnapshot.v2","ITEM_FOUR_CORE_AWAKENING_RUNTIME_CONTRACT_CORRECTION01_R1"
"I004","Core2","candidate_core_i004_02","I004_CORE_02","20","20","Green","green","五雷急令·承式","触发“催雷”后返还一部分节奏资源，并保留下一次触发条件。","candidate_core_i004_02#cdc1dd8ca8aa3c83f0a57e9a972e30c69a50debc95dc21d89d8489719563623e","ItemBalanceWorkbenchCatalog/ITEM_FOUR_CORE_CANDIDATE_DATA_CORRECTION01_R1/I004/candidate_core_i004_02","TalismanBag.Items.Awakening.DefaultItemCoreEffectDefinitionProvider/I004/I004_CORE_02","ItemCoreEffectIdentityCatalogSnapshot.v2","ITEM_FOUR_CORE_AWAKENING_RUNTIME_CONTRACT_CORRECTION01_R1"
"I004","Core3","candidate_core_i004_03","I004_CORE_03","30","30","Blue","blue","五雷急令·合脉","同属zhenlei法门的已点亮道具达到Build2时，“催雷”追加协同数值。","candidate_core_i004_03#657d44d0cb42d087abcf5d00a6ec2a4b3cb180fc74ac46143015d49679a0d13f","ItemBalanceWorkbenchCatalog/ITEM_FOUR_CORE_CANDIDATE_DATA_CORRECTION01_R1/I004/candidate_core_i004_03","TalismanBag.Items.Awakening.DefaultItemCoreEffectDefinitionProvider/I004/I004_CORE_03","ItemCoreEffectIdentityCatalogSnapshot.v2","ITEM_FOUR_CORE_AWAKENING_RUNTIME_CONTRACT_CORRECTION01_R1"
"I004","Ultimate","candidate_core_i004_ultimate","I004_CORE_ULT","40","40","Orange","orange","五雷急令·成法","五雷急令完成成法后，将“催雷”的触发结果转换为一次不消耗原状态的机制回响；每轮限一次。","candidate_core_i004_ultimate#41027b168723d63f67053bd7636a542b9415d35bd11d91221f6a976e9991c00a","ItemBalanceWorkbenchCatalog/ITEM_FOUR_CORE_CANDIDATE_DATA_CORRECTION01_R1/I004/candidate_core_i004_ultimate","TalismanBag.Items.Awakening.DefaultItemCoreEffectDefinitionProvider/I004/I004_CORE_ULT","ItemCoreEffectIdentityCatalogSnapshot.v2","ITEM_FOUR_CORE_AWAKENING_RUNTIME_CONTRACT_CORRECTION01_R1"
"I005","Core1","candidate_core_i005_01","I005_CORE_01","10","10","White","white","照壳雷镜·初识","照壳雷镜点亮后，“照壳”的基础候选效果获得第一层强化。","candidate_core_i005_01#6a45926a338c9104ff4ddb1b0a9ebda612dbb010214ab15ecb1f1113acad19d0","ItemBalanceWorkbenchCatalog/ITEM_FOUR_CORE_CANDIDATE_DATA_CORRECTION01_R1/I005/candidate_core_i005_01","TalismanBag.Items.Awakening.DefaultItemCoreEffectDefinitionProvider/I005/I005_CORE_01","ItemCoreEffectIdentityCatalogSnapshot.v2","ITEM_FOUR_CORE_AWAKENING_RUNTIME_CONTRACT_CORRECTION01_R1"
"I005","Core2","candidate_core_i005_02","I005_CORE_02","20","20","Green","green","照壳雷镜·承式","触发“照壳”后返还一部分节奏资源，并保留下一次触发条件。","candidate_core_i005_02#0e3e1dceeb1158e8aec3d2bb64555f288cf57bbbab8493bbe9cfb136fc7c6fc5","ItemBalanceWorkbenchCatalog/ITEM_FOUR_CORE_CANDIDATE_DATA_CORRECTION01_R1/I005/candidate_core_i005_02","TalismanBag.Items.Awakening.DefaultItemCoreEffectDefinitionProvider/I005/I005_CORE_02","ItemCoreEffectIdentityCatalogSnapshot.v2","ITEM_FOUR_CORE_AWAKENING_RUNTIME_CONTRACT_CORRECTION01_R1"
"I005","Core3","candidate_core_i005_03","I005_CORE_03","30","30","Blue","blue","照壳雷镜·合脉","同属zhenlei法门的已点亮道具达到Build2时，“照壳”追加协同数值。","candidate_core_i005_03#96f1c6d5a0d40bbf49d5bb4c54b715d01f89ac8dfcea6321032380a4597cd133","ItemBalanceWorkbenchCatalog/ITEM_FOUR_CORE_CANDIDATE_DATA_CORRECTION01_R1/I005/candidate_core_i005_03","TalismanBag.Items.Awakening.DefaultItemCoreEffectDefinitionProvider/I005/I005_CORE_03","ItemCoreEffectIdentityCatalogSnapshot.v2","ITEM_FOUR_CORE_AWAKENING_RUNTIME_CONTRACT_CORRECTION01_R1"
"I005","Ultimate","candidate_core_i005_ultimate","I005_CORE_ULT","40","40","Orange","orange","照壳雷镜·成法","照壳雷镜完成成法后，将“照壳”的触发结果转换为一次不消耗原状态的机制回响；每轮限一次。","candidate_core_i005_ultimate#0b1084166ebb163eeb6b2ac1bf8363cea9d7d49e5915a7c84f83541106bb37ba","ItemBalanceWorkbenchCatalog/ITEM_FOUR_CORE_CANDIDATE_DATA_CORRECTION01_R1/I005/candidate_core_i005_ultimate","TalismanBag.Items.Awakening.DefaultItemCoreEffectDefinitionProvider/I005/I005_CORE_ULT","ItemCoreEffectIdentityCatalogSnapshot.v2","ITEM_FOUR_CORE_AWAKENING_RUNTIME_CONTRACT_CORRECTION01_R1"
"I006","Core1","candidate_core_i006_01","I006_CORE_01","10","10","White","white","天鼓槌·初识","天鼓槌点亮后，“天鼓”的基础候选效果获得第一层强化。","candidate_core_i006_01#455b937f26b51b1ab4a59f3ff53a95a82f68c6c1df972a75f424c5f1dd13f86c","ItemBalanceWorkbenchCatalog/ITEM_FOUR_CORE_CANDIDATE_DATA_CORRECTION01_R1/I006/candidate_core_i006_01","TalismanBag.Items.Awakening.DefaultItemCoreEffectDefinitionProvider/I006/I006_CORE_01","ItemCoreEffectIdentityCatalogSnapshot.v2","ITEM_FOUR_CORE_AWAKENING_RUNTIME_CONTRACT_CORRECTION01_R1"
"I006","Core2","candidate_core_i006_02","I006_CORE_02","20","20","Green","green","天鼓槌·承式","触发“天鼓”后返还一部分节奏资源，并保留下一次触发条件。","candidate_core_i006_02#55359210ec186f10db563db82f1bcd504e49dc8a52efb1d909742007734a32bc","ItemBalanceWorkbenchCatalog/ITEM_FOUR_CORE_CANDIDATE_DATA_CORRECTION01_R1/I006/candidate_core_i006_02","TalismanBag.Items.Awakening.DefaultItemCoreEffectDefinitionProvider/I006/I006_CORE_02","ItemCoreEffectIdentityCatalogSnapshot.v2","ITEM_FOUR_CORE_AWAKENING_RUNTIME_CONTRACT_CORRECTION01_R1"
"I006","Core3","candidate_core_i006_03","I006_CORE_03","30","30","Blue","blue","天鼓槌·合脉","同属zhenlei法门的已点亮道具达到Build2时，“天鼓”追加协同数值。","candidate_core_i006_03#b91f25fd89323f3acb0eca65b2ce1c779e1528698cb17ee609984f266f9e7fb5","ItemBalanceWorkbenchCatalog/ITEM_FOUR_CORE_CANDIDATE_DATA_CORRECTION01_R1/I006/candidate_core_i006_03","TalismanBag.Items.Awakening.DefaultItemCoreEffectDefinitionProvider/I006/I006_CORE_03","ItemCoreEffectIdentityCatalogSnapshot.v2","ITEM_FOUR_CORE_AWAKENING_RUNTIME_CONTRACT_CORRECTION01_R1"
"I006","Ultimate","candidate_core_i006_ultimate","I006_CORE_ULT","40","40","Orange","orange","天鼓槌·成法","天鼓槌完成成法后，将“天鼓”的触发结果转换为一次不消耗原状态的机制回响；每轮限一次。","candidate_core_i006_ultimate#c4f9fc3f20c19510e5a4eaa03bd48c9ad23573ccfaafd059779ff29da08e7b06","ItemBalanceWorkbenchCatalog/ITEM_FOUR_CORE_CANDIDATE_DATA_CORRECTION01_R1/I006/candidate_core_i006_ultimate","TalismanBag.Items.Awakening.DefaultItemCoreEffectDefinitionProvider/I006/I006_CORE_ULT","ItemCoreEffectIdentityCatalogSnapshot.v2","ITEM_FOUR_CORE_AWAKENING_RUNTIME_CONTRACT_CORRECTION01_R1"
"I007","Core1","candidate_core_i007_01","I007_CORE_01","10","10","White","white","离火符·初识","离火符点亮后，“燃符”的基础候选效果获得第一层强化。","candidate_core_i007_01#4a9bcf09e9fd4552629472c1abec48d8260f95b56fd4cfd041307da7fb6c4d36","ItemBalanceWorkbenchCatalog/ITEM_FOUR_CORE_CANDIDATE_DATA_CORRECTION01_R1/I007/candidate_core_i007_01","TalismanBag.Items.Awakening.DefaultItemCoreEffectDefinitionProvider/I007/I007_CORE_01","ItemCoreEffectIdentityCatalogSnapshot.v2","ITEM_FOUR_CORE_AWAKENING_RUNTIME_CONTRACT_CORRECTION01_R1"
"I007","Core2","candidate_core_i007_02","I007_CORE_02","20","20","Green","green","离火符·承式","触发“燃符”后返还一部分节奏资源，并保留下一次触发条件。","candidate_core_i007_02#d127145f072f649c76cf5be4e7ad78684e4b5973a69784395d3bc53f5b78a19e","ItemBalanceWorkbenchCatalog/ITEM_FOUR_CORE_CANDIDATE_DATA_CORRECTION01_R1/I007/candidate_core_i007_02","TalismanBag.Items.Awakening.DefaultItemCoreEffectDefinitionProvider/I007/I007_CORE_02","ItemCoreEffectIdentityCatalogSnapshot.v2","ITEM_FOUR_CORE_AWAKENING_RUNTIME_CONTRACT_CORRECTION01_R1"
"I007","Core3","candidate_core_i007_03","I007_CORE_03","30","30","Blue","blue","离火符·合脉","同属lihuo法门的已点亮道具达到Build2时，“燃符”追加协同数值。","candidate_core_i007_03#f87b2236dea6aafd4742fe204afb656aa0b59863a2794a510ae3cb448fafc16a","ItemBalanceWorkbenchCatalog/ITEM_FOUR_CORE_CANDIDATE_DATA_CORRECTION01_R1/I007/candidate_core_i007_03","TalismanBag.Items.Awakening.DefaultItemCoreEffectDefinitionProvider/I007/I007_CORE_03","ItemCoreEffectIdentityCatalogSnapshot.v2","ITEM_FOUR_CORE_AWAKENING_RUNTIME_CONTRACT_CORRECTION01_R1"
"I007","Ultimate","candidate_core_i007_ultimate","I007_CORE_ULT","40","40","Orange","orange","离火符·成法","离火符完成成法后，将“燃符”的触发结果转换为一次不消耗原状态的机制回响；每轮限一次。","candidate_core_i007_ultimate#5060ae0f96b031348688fe633911b90d3abc89d068627c489c601b7f47ab5e4e","ItemBalanceWorkbenchCatalog/ITEM_FOUR_CORE_CANDIDATE_DATA_CORRECTION01_R1/I007/candidate_core_i007_ultimate","TalismanBag.Items.Awakening.DefaultItemCoreEffectDefinitionProvider/I007/I007_CORE_ULT","ItemCoreEffectIdentityCatalogSnapshot.v2","ITEM_FOUR_CORE_AWAKENING_RUNTIME_CONTRACT_CORRECTION01_R1"
"I008","Core1","candidate_core_i008_01","I008_CORE_01","10","10","White","white","焚邪长符·初识","焚邪长符点亮后，“焚邪”的基础候选效果获得第一层强化。","candidate_core_i008_01#b3d94567f7694aa06bda3d72024f0d0416a7ca30bf2e697a779e863369dc2af2","ItemBalanceWorkbenchCatalog/ITEM_FOUR_CORE_CANDIDATE_DATA_CORRECTION01_R1/I008/candidate_core_i008_01","TalismanBag.Items.Awakening.DefaultItemCoreEffectDefinitionProvider/I008/I008_CORE_01","ItemCoreEffectIdentityCatalogSnapshot.v2","ITEM_FOUR_CORE_AWAKENING_RUNTIME_CONTRACT_CORRECTION01_R1"
"I008","Core2","candidate_core_i008_02","I008_CORE_02","20","20","Green","green","焚邪长符·承式","触发“焚邪”后返还一部分节奏资源，并保留下一次触发条件。","candidate_core_i008_02#e2a607a44c77808cb2cb850d3df987b8e8c429e56282212c71892d7e5dc02cef","ItemBalanceWorkbenchCatalog/ITEM_FOUR_CORE_CANDIDATE_DATA_CORRECTION01_R1/I008/candidate_core_i008_02","TalismanBag.Items.Awakening.DefaultItemCoreEffectDefinitionProvider/I008/I008_CORE_02","ItemCoreEffectIdentityCatalogSnapshot.v2","ITEM_FOUR_CORE_AWAKENING_RUNTIME_CONTRACT_CORRECTION01_R1"
"I008","Core3","candidate_core_i008_03","I008_CORE_03","30","30","Blue","blue","焚邪长符·合脉","同属lihuo法门的已点亮道具达到Build2时，“焚邪”追加协同数值。","candidate_core_i008_03#92c31f07011604081ecb7b10efae1fb3a048c92c3443b5f47bb513898b194645","ItemBalanceWorkbenchCatalog/ITEM_FOUR_CORE_CANDIDATE_DATA_CORRECTION01_R1/I008/candidate_core_i008_03","TalismanBag.Items.Awakening.DefaultItemCoreEffectDefinitionProvider/I008/I008_CORE_03","ItemCoreEffectIdentityCatalogSnapshot.v2","ITEM_FOUR_CORE_AWAKENING_RUNTIME_CONTRACT_CORRECTION01_R1"
"I008","Ultimate","candidate_core_i008_ultimate","I008_CORE_ULT","40","40","Orange","orange","焚邪长符·成法","焚邪长符完成成法后，将“焚邪”的触发结果转换为一次不消耗原状态的机制回响；每轮限一次。","candidate_core_i008_ultimate#94ca3939d2ed4d4bc7e6460c410ad7095451c2eb5981499f84cac3b18454dec5","ItemBalanceWorkbenchCatalog/ITEM_FOUR_CORE_CANDIDATE_DATA_CORRECTION01_R1/I008/candidate_core_i008_ultimate","TalismanBag.Items.Awakening.DefaultItemCoreEffectDefinitionProvider/I008/I008_CORE_ULT","ItemCoreEffectIdentityCatalogSnapshot.v2","ITEM_FOUR_CORE_AWAKENING_RUNTIME_CONTRACT_CORRECTION01_R1"
"I009","Core1","candidate_core_i009_01","I009_CORE_01","10","10","White","white","离火焚邪印·初识","离火焚邪印点亮后，“落火”的基础候选效果获得第一层强化。","candidate_core_i009_01#872a32bb988ae81bcd7f5c63de1757fbfb77474d577352ad06b9fd53349729fb","ItemBalanceWorkbenchCatalog/ITEM_FOUR_CORE_CANDIDATE_DATA_CORRECTION01_R1/I009/candidate_core_i009_01","TalismanBag.Items.Awakening.DefaultItemCoreEffectDefinitionProvider/I009/I009_CORE_01","ItemCoreEffectIdentityCatalogSnapshot.v2","ITEM_FOUR_CORE_AWAKENING_RUNTIME_CONTRACT_CORRECTION01_R1"
"I009","Core2","candidate_core_i009_02","I009_CORE_02","20","20","Green","green","离火焚邪印·承式","触发“落火”后返还一部分节奏资源，并保留下一次触发条件。","candidate_core_i009_02#f6d81f9d58c262a9722805622f238de36fdb47f1aa56b5f83e5626a00d9b742b","ItemBalanceWorkbenchCatalog/ITEM_FOUR_CORE_CANDIDATE_DATA_CORRECTION01_R1/I009/candidate_core_i009_02","TalismanBag.Items.Awakening.DefaultItemCoreEffectDefinitionProvider/I009/I009_CORE_02","ItemCoreEffectIdentityCatalogSnapshot.v2","ITEM_FOUR_CORE_AWAKENING_RUNTIME_CONTRACT_CORRECTION01_R1"
"I009","Core3","candidate_core_i009_03","I009_CORE_03","30","30","Blue","blue","离火焚邪印·合脉","同属lihuo法门的已点亮道具达到Build2时，“落火”追加协同数值。","candidate_core_i009_03#5ea20e8efaf895662956aab8293554f663f49c7ea8e5bd2dd804969b5eaf0423","ItemBalanceWorkbenchCatalog/ITEM_FOUR_CORE_CANDIDATE_DATA_CORRECTION01_R1/I009/candidate_core_i009_03","TalismanBag.Items.Awakening.DefaultItemCoreEffectDefinitionProvider/I009/I009_CORE_03","ItemCoreEffectIdentityCatalogSnapshot.v2","ITEM_FOUR_CORE_AWAKENING_RUNTIME_CONTRACT_CORRECTION01_R1"
"I009","Ultimate","candidate_core_i009_ultimate","I009_CORE_ULT","40","40","Orange","orange","离火焚邪印·成法","离火焚邪印完成成法后，将“落火”的触发结果转换为一次不消耗原状态的机制回响；每轮限一次。","candidate_core_i009_ultimate#35d9fcd1f4c2cf14def0163dc2d6d1658ef6459392d7a0b59f3b83edacb4d189","ItemBalanceWorkbenchCatalog/ITEM_FOUR_CORE_CANDIDATE_DATA_CORRECTION01_R1/I009/candidate_core_i009_ultimate","TalismanBag.Items.Awakening.DefaultItemCoreEffectDefinitionProvider/I009/I009_CORE_ULT","ItemCoreEffectIdentityCatalogSnapshot.v2","ITEM_FOUR_CORE_AWAKENING_RUNTIME_CONTRACT_CORRECTION01_R1"
"I010","Core1","candidate_core_i010_01","I010_CORE_01","10","10","White","white","风火令旗·初识","风火令旗点亮后，“风助”的基础候选效果获得第一层强化。","candidate_core_i010_01#b66a8f176b1aa8a83a67a212d90de9ecb8af25b4d31f55a18de0d62b15186f34","ItemBalanceWorkbenchCatalog/ITEM_FOUR_CORE_CANDIDATE_DATA_CORRECTION01_R1/I010/candidate_core_i010_01","TalismanBag.Items.Awakening.DefaultItemCoreEffectDefinitionProvider/I010/I010_CORE_01","ItemCoreEffectIdentityCatalogSnapshot.v2","ITEM_FOUR_CORE_AWAKENING_RUNTIME_CONTRACT_CORRECTION01_R1"
"I010","Core2","candidate_core_i010_02","I010_CORE_02","20","20","Green","green","风火令旗·承式","触发“风助”后返还一部分节奏资源，并保留下一次触发条件。","candidate_core_i010_02#9b25aebc4dbb1683aaedf4be3880bec3c7fbedc00c722912c7e83e9e4553fb98","ItemBalanceWorkbenchCatalog/ITEM_FOUR_CORE_CANDIDATE_DATA_CORRECTION01_R1/I010/candidate_core_i010_02","TalismanBag.Items.Awakening.DefaultItemCoreEffectDefinitionProvider/I010/I010_CORE_02","ItemCoreEffectIdentityCatalogSnapshot.v2","ITEM_FOUR_CORE_AWAKENING_RUNTIME_CONTRACT_CORRECTION01_R1"
"I010","Core3","candidate_core_i010_03","I010_CORE_03","30","30","Blue","blue","风火令旗·合脉","同属lihuo法门的已点亮道具达到Build2时，“风助”追加协同数值。","candidate_core_i010_03#7391bfd7ee6fab03d24de935f5c129cc3d83c3d1c6143868ed96d3951ef553ae","ItemBalanceWorkbenchCatalog/ITEM_FOUR_CORE_CANDIDATE_DATA_CORRECTION01_R1/I010/candidate_core_i010_03","TalismanBag.Items.Awakening.DefaultItemCoreEffectDefinitionProvider/I010/I010_CORE_03","ItemCoreEffectIdentityCatalogSnapshot.v2","ITEM_FOUR_CORE_AWAKENING_RUNTIME_CONTRACT_CORRECTION01_R1"
"I010","Ultimate","candidate_core_i010_ultimate","I010_CORE_ULT","40","40","Orange","orange","风火令旗·成法","风火令旗完成成法后，将“风助”的触发结果转换为一次不消耗原状态的机制回响；每轮限一次。","candidate_core_i010_ultimate#0473c070749a37446a6ddcd19891947482d99f39d4ff9fe0c7e9bc8f00a38524","ItemBalanceWorkbenchCatalog/ITEM_FOUR_CORE_CANDIDATE_DATA_CORRECTION01_R1/I010/candidate_core_i010_ultimate","TalismanBag.Items.Awakening.DefaultItemCoreEffectDefinitionProvider/I010/I010_CORE_ULT","ItemCoreEffectIdentityCatalogSnapshot.v2","ITEM_FOUR_CORE_AWAKENING_RUNTIME_CONTRACT_CORRECTION01_R1"
"I011","Core1","candidate_core_i011_01","I011_CORE_01","10","10","White","white","照焚铜镜·初识","照焚铜镜点亮后，“回光”的基础候选效果获得第一层强化。","candidate_core_i011_01#aa77a095581aa2650fcbcd48b6136f29a7185f5664ea7effb2c8c3b17f7a4a96","ItemBalanceWorkbenchCatalog/ITEM_FOUR_CORE_CANDIDATE_DATA_CORRECTION01_R1/I011/candidate_core_i011_01","TalismanBag.Items.Awakening.DefaultItemCoreEffectDefinitionProvider/I011/I011_CORE_01","ItemCoreEffectIdentityCatalogSnapshot.v2","ITEM_FOUR_CORE_AWAKENING_RUNTIME_CONTRACT_CORRECTION01_R1"
"I011","Core2","candidate_core_i011_02","I011_CORE_02","20","20","Green","green","照焚铜镜·承式","触发“回光”后返还一部分节奏资源，并保留下一次触发条件。","candidate_core_i011_02#83a4e6f5588bccb85c94539189f86dea36b847a55a4dc09da8c65dffc2b945f8","ItemBalanceWorkbenchCatalog/ITEM_FOUR_CORE_CANDIDATE_DATA_CORRECTION01_R1/I011/candidate_core_i011_02","TalismanBag.Items.Awakening.DefaultItemCoreEffectDefinitionProvider/I011/I011_CORE_02","ItemCoreEffectIdentityCatalogSnapshot.v2","ITEM_FOUR_CORE_AWAKENING_RUNTIME_CONTRACT_CORRECTION01_R1"
"I011","Core3","candidate_core_i011_03","I011_CORE_03","30","30","Blue","blue","照焚铜镜·合脉","同属lihuo法门的已点亮道具达到Build2时，“回光”追加协同数值。","candidate_core_i011_03#2092936c2eaf303fd49333e596111c60b4dbfa5af54d227f69cbb94e4f6f76d1","ItemBalanceWorkbenchCatalog/ITEM_FOUR_CORE_CANDIDATE_DATA_CORRECTION01_R1/I011/candidate_core_i011_03","TalismanBag.Items.Awakening.DefaultItemCoreEffectDefinitionProvider/I011/I011_CORE_03","ItemCoreEffectIdentityCatalogSnapshot.v2","ITEM_FOUR_CORE_AWAKENING_RUNTIME_CONTRACT_CORRECTION01_R1"
"I011","Ultimate","candidate_core_i011_ultimate","I011_CORE_ULT","40","40","Orange","orange","照焚铜镜·成法","照焚铜镜完成成法后，将“回光”的触发结果转换为一次不消耗原状态的机制回响；每轮限一次。","candidate_core_i011_ultimate#f480e8d84b07ed14e3d00c682971d558dc6849b546e62bb448a09e5002117635","ItemBalanceWorkbenchCatalog/ITEM_FOUR_CORE_CANDIDATE_DATA_CORRECTION01_R1/I011/candidate_core_i011_ultimate","TalismanBag.Items.Awakening.DefaultItemCoreEffectDefinitionProvider/I011/I011_CORE_ULT","ItemCoreEffectIdentityCatalogSnapshot.v2","ITEM_FOUR_CORE_AWAKENING_RUNTIME_CONTRACT_CORRECTION01_R1"
"I012","Core1","candidate_core_i012_01","I012_CORE_01","10","10","White","white","长明灯·初识","长明灯点亮后，“长明”的基础候选效果获得第一层强化。","candidate_core_i012_01#6033c74bc45b003e26ec7fb2b80c8c1c6806fbd9e1f4db77deef15781081c551","ItemBalanceWorkbenchCatalog/ITEM_FOUR_CORE_CANDIDATE_DATA_CORRECTION01_R1/I012/candidate_core_i012_01","TalismanBag.Items.Awakening.DefaultItemCoreEffectDefinitionProvider/I012/I012_CORE_01","ItemCoreEffectIdentityCatalogSnapshot.v2","ITEM_FOUR_CORE_AWAKENING_RUNTIME_CONTRACT_CORRECTION01_R1"
"I012","Core2","candidate_core_i012_02","I012_CORE_02","20","20","Green","green","长明灯·承式","触发“长明”后返还一部分节奏资源，并保留下一次触发条件。","candidate_core_i012_02#8c8df6b7aefa8b2f35c6a9a32d0bad744d8f1728c5350ae1a743b50c0f9084f9","ItemBalanceWorkbenchCatalog/ITEM_FOUR_CORE_CANDIDATE_DATA_CORRECTION01_R1/I012/candidate_core_i012_02","TalismanBag.Items.Awakening.DefaultItemCoreEffectDefinitionProvider/I012/I012_CORE_02","ItemCoreEffectIdentityCatalogSnapshot.v2","ITEM_FOUR_CORE_AWAKENING_RUNTIME_CONTRACT_CORRECTION01_R1"
"I012","Core3","candidate_core_i012_03","I012_CORE_03","30","30","Blue","blue","长明灯·合脉","同属lihuo法门的已点亮道具达到Build2时，“长明”追加协同数值。","candidate_core_i012_03#e9a5601861d8b18628e9384a90885254203b03b81930904b5ed5958c9d2c9d62","ItemBalanceWorkbenchCatalog/ITEM_FOUR_CORE_CANDIDATE_DATA_CORRECTION01_R1/I012/candidate_core_i012_03","TalismanBag.Items.Awakening.DefaultItemCoreEffectDefinitionProvider/I012/I012_CORE_03","ItemCoreEffectIdentityCatalogSnapshot.v2","ITEM_FOUR_CORE_AWAKENING_RUNTIME_CONTRACT_CORRECTION01_R1"
"I012","Ultimate","candidate_core_i012_ultimate","I012_CORE_ULT","40","40","Orange","orange","长明灯·成法","长明灯完成成法后，将“长明”的触发结果转换为一次不消耗原状态的机制回响；每轮限一次。","candidate_core_i012_ultimate#d4a1302e0144a2b1eea05673a7bd560273aa07a6a71bc632dd05b84e473c1f01","ItemBalanceWorkbenchCatalog/ITEM_FOUR_CORE_CANDIDATE_DATA_CORRECTION01_R1/I012/candidate_core_i012_ultimate","TalismanBag.Items.Awakening.DefaultItemCoreEffectDefinitionProvider/I012/I012_CORE_ULT","ItemCoreEffectIdentityCatalogSnapshot.v2","ITEM_FOUR_CORE_AWAKENING_RUNTIME_CONTRACT_CORRECTION01_R1"
"I013","Core1","candidate_core_i013_01","I013_CORE_01","10","10","White","white","护身符·初识","护身符点亮后，“护身”的基础候选效果获得第一层强化。","candidate_core_i013_01#85f0d831c140b1e4fa18bb3388fc9fde28acec6bb2f95fbe5e4af9827ce0d00a","ItemBalanceWorkbenchCatalog/ITEM_FOUR_CORE_CANDIDATE_DATA_CORRECTION01_R1/I013/candidate_core_i013_01","TalismanBag.Items.Awakening.DefaultItemCoreEffectDefinitionProvider/I013/I013_CORE_01","ItemCoreEffectIdentityCatalogSnapshot.v2","ITEM_FOUR_CORE_AWAKENING_RUNTIME_CONTRACT_CORRECTION01_R1"
"I013","Core2","candidate_core_i013_02","I013_CORE_02","20","20","Green","green","护身符·承式","触发“护身”后返还一部分节奏资源，并保留下一次触发条件。","candidate_core_i013_02#a642df79af7d34e6f3e69d7027b768cc72b70c18c194f13ad8e333ea02d9b482","ItemBalanceWorkbenchCatalog/ITEM_FOUR_CORE_CANDIDATE_DATA_CORRECTION01_R1/I013/candidate_core_i013_02","TalismanBag.Items.Awakening.DefaultItemCoreEffectDefinitionProvider/I013/I013_CORE_02","ItemCoreEffectIdentityCatalogSnapshot.v2","ITEM_FOUR_CORE_AWAKENING_RUNTIME_CONTRACT_CORRECTION01_R1"
"I013","Core3","candidate_core_i013_03","I013_CORE_03","30","30","Blue","blue","护身符·合脉","同属zhongyue法门的已点亮道具达到Build2时，“护身”追加协同数值。","candidate_core_i013_03#433c3458a2850401d3649fe990149c8c5835ecdff2e97fa59704dcc2c1fb9a90","ItemBalanceWorkbenchCatalog/ITEM_FOUR_CORE_CANDIDATE_DATA_CORRECTION01_R1/I013/candidate_core_i013_03","TalismanBag.Items.Awakening.DefaultItemCoreEffectDefinitionProvider/I013/I013_CORE_03","ItemCoreEffectIdentityCatalogSnapshot.v2","ITEM_FOUR_CORE_AWAKENING_RUNTIME_CONTRACT_CORRECTION01_R1"
"I013","Ultimate","candidate_core_i013_ultimate","I013_CORE_ULT","40","40","Orange","orange","护身符·成法","护身符完成成法后，将“护身”的触发结果转换为一次不消耗原状态的机制回响；每轮限一次。","candidate_core_i013_ultimate#ab922cf185147541a8259a798e6653d42955f6783f4f03fb600455ae5d76a33a","ItemBalanceWorkbenchCatalog/ITEM_FOUR_CORE_CANDIDATE_DATA_CORRECTION01_R1/I013/candidate_core_i013_ultimate","TalismanBag.Items.Awakening.DefaultItemCoreEffectDefinitionProvider/I013/I013_CORE_ULT","ItemCoreEffectIdentityCatalogSnapshot.v2","ITEM_FOUR_CORE_AWAKENING_RUNTIME_CONTRACT_CORRECTION01_R1"
"I014","Core1","candidate_core_i014_01","I014_CORE_01","10","10","White","white","镇宅长符·初识","镇宅长符点亮后，“镇宅”的基础候选效果获得第一层强化。","candidate_core_i014_01#d0271b486069ccb805816e1ea59859cce56a092a0deac4425191aff53eeb48fc","ItemBalanceWorkbenchCatalog/ITEM_FOUR_CORE_CANDIDATE_DATA_CORRECTION01_R1/I014/candidate_core_i014_01","TalismanBag.Items.Awakening.DefaultItemCoreEffectDefinitionProvider/I014/I014_CORE_01","ItemCoreEffectIdentityCatalogSnapshot.v2","ITEM_FOUR_CORE_AWAKENING_RUNTIME_CONTRACT_CORRECTION01_R1"
"I014","Core2","candidate_core_i014_02","I014_CORE_02","20","20","Green","green","镇宅长符·承式","触发“镇宅”后返还一部分节奏资源，并保留下一次触发条件。","candidate_core_i014_02#6474125ed08329d1aef4a066251d5b00661be4853a143fd23103467f38bd450d","ItemBalanceWorkbenchCatalog/ITEM_FOUR_CORE_CANDIDATE_DATA_CORRECTION01_R1/I014/candidate_core_i014_02","TalismanBag.Items.Awakening.DefaultItemCoreEffectDefinitionProvider/I014/I014_CORE_02","ItemCoreEffectIdentityCatalogSnapshot.v2","ITEM_FOUR_CORE_AWAKENING_RUNTIME_CONTRACT_CORRECTION01_R1"
"I014","Core3","candidate_core_i014_03","I014_CORE_03","30","30","Blue","blue","镇宅长符·合脉","同属zhongyue法门的已点亮道具达到Build2时，“镇宅”追加协同数值。","candidate_core_i014_03#7c836ea3a86f332f38e0e979976d448712bb9aa2d1553d871fdab7669ed5c3ee","ItemBalanceWorkbenchCatalog/ITEM_FOUR_CORE_CANDIDATE_DATA_CORRECTION01_R1/I014/candidate_core_i014_03","TalismanBag.Items.Awakening.DefaultItemCoreEffectDefinitionProvider/I014/I014_CORE_03","ItemCoreEffectIdentityCatalogSnapshot.v2","ITEM_FOUR_CORE_AWAKENING_RUNTIME_CONTRACT_CORRECTION01_R1"
"I014","Ultimate","candidate_core_i014_ultimate","I014_CORE_ULT","40","40","Orange","orange","镇宅长符·成法","镇宅长符完成成法后，将“镇宅”的触发结果转换为一次不消耗原状态的机制回响；每轮限一次。","candidate_core_i014_ultimate#9fba46cd7b73a1cc409970bd3a0ee2d8de319207ec1462f7d31ee33119bcb2b9","ItemBalanceWorkbenchCatalog/ITEM_FOUR_CORE_CANDIDATE_DATA_CORRECTION01_R1/I014/candidate_core_i014_ultimate","TalismanBag.Items.Awakening.DefaultItemCoreEffectDefinitionProvider/I014/I014_CORE_ULT","ItemCoreEffectIdentityCatalogSnapshot.v2","ITEM_FOUR_CORE_AWAKENING_RUNTIME_CONTRACT_CORRECTION01_R1"
"I015","Core1","candidate_core_i015_01","I015_CORE_01","10","10","White","white","中岳镇守章·初识","中岳镇守章点亮后，“镇守”的基础候选效果获得第一层强化。","candidate_core_i015_01#28037000574b56cadafea5ba4f9572078348746494b020047ec5c3bdb6aab18d","ItemBalanceWorkbenchCatalog/ITEM_FOUR_CORE_CANDIDATE_DATA_CORRECTION01_R1/I015/candidate_core_i015_01","TalismanBag.Items.Awakening.DefaultItemCoreEffectDefinitionProvider/I015/I015_CORE_01","ItemCoreEffectIdentityCatalogSnapshot.v2","ITEM_FOUR_CORE_AWAKENING_RUNTIME_CONTRACT_CORRECTION01_R1"
"I015","Core2","candidate_core_i015_02","I015_CORE_02","20","20","Green","green","中岳镇守章·承式","触发“镇守”后返还一部分节奏资源，并保留下一次触发条件。","candidate_core_i015_02#68bc82b9f64d6ea1e9de2cdcf10a42b139987b1ef4c7ea90e4a8a519aef13849","ItemBalanceWorkbenchCatalog/ITEM_FOUR_CORE_CANDIDATE_DATA_CORRECTION01_R1/I015/candidate_core_i015_02","TalismanBag.Items.Awakening.DefaultItemCoreEffectDefinitionProvider/I015/I015_CORE_02","ItemCoreEffectIdentityCatalogSnapshot.v2","ITEM_FOUR_CORE_AWAKENING_RUNTIME_CONTRACT_CORRECTION01_R1"
"I015","Core3","candidate_core_i015_03","I015_CORE_03","30","30","Blue","blue","中岳镇守章·合脉","同属zhongyue法门的已点亮道具达到Build2时，“镇守”追加协同数值。","candidate_core_i015_03#2e765dd17aa01ddfffe0d90e9dab96a17cd0ae949bc6e55604e2b3e05b80a686","ItemBalanceWorkbenchCatalog/ITEM_FOUR_CORE_CANDIDATE_DATA_CORRECTION01_R1/I015/candidate_core_i015_03","TalismanBag.Items.Awakening.DefaultItemCoreEffectDefinitionProvider/I015/I015_CORE_03","ItemCoreEffectIdentityCatalogSnapshot.v2","ITEM_FOUR_CORE_AWAKENING_RUNTIME_CONTRACT_CORRECTION01_R1"
"I015","Ultimate","candidate_core_i015_ultimate","I015_CORE_ULT","40","40","Orange","orange","中岳镇守章·成法","中岳镇守章完成成法后，将“镇守”的触发结果转换为一次不消耗原状态的机制回响；每轮限一次。","candidate_core_i015_ultimate#7586b7f249dc7fbe83c0cd7e9f811f69c01e48bad10d833beb3be7b68b9a6ffa","ItemBalanceWorkbenchCatalog/ITEM_FOUR_CORE_CANDIDATE_DATA_CORRECTION01_R1/I015/candidate_core_i015_ultimate","TalismanBag.Items.Awakening.DefaultItemCoreEffectDefinitionProvider/I015/I015_CORE_ULT","ItemCoreEffectIdentityCatalogSnapshot.v2","ITEM_FOUR_CORE_AWAKENING_RUNTIME_CONTRACT_CORRECTION01_R1"
"I016","Core1","candidate_core_i016_01","I016_CORE_01","10","10","White","white","护坛令旗·初识","护坛令旗点亮后，“护坛”的基础候选效果获得第一层强化。","candidate_core_i016_01#35b650a5dd13451e9f7c8d462d867e290b1621d4ab30954baa0568e2e5a6bb7b","ItemBalanceWorkbenchCatalog/ITEM_FOUR_CORE_CANDIDATE_DATA_CORRECTION01_R1/I016/candidate_core_i016_01","TalismanBag.Items.Awakening.DefaultItemCoreEffectDefinitionProvider/I016/I016_CORE_01","ItemCoreEffectIdentityCatalogSnapshot.v2","ITEM_FOUR_CORE_AWAKENING_RUNTIME_CONTRACT_CORRECTION01_R1"
"I016","Core2","candidate_core_i016_02","I016_CORE_02","20","20","Green","green","护坛令旗·承式","触发“护坛”后返还一部分节奏资源，并保留下一次触发条件。","candidate_core_i016_02#cdb01f2fc1118254a0d66b58052f34894fd90b731dcbd67585c930841e99f215","ItemBalanceWorkbenchCatalog/ITEM_FOUR_CORE_CANDIDATE_DATA_CORRECTION01_R1/I016/candidate_core_i016_02","TalismanBag.Items.Awakening.DefaultItemCoreEffectDefinitionProvider/I016/I016_CORE_02","ItemCoreEffectIdentityCatalogSnapshot.v2","ITEM_FOUR_CORE_AWAKENING_RUNTIME_CONTRACT_CORRECTION01_R1"
"I016","Core3","candidate_core_i016_03","I016_CORE_03","30","30","Blue","blue","护坛令旗·合脉","同属zhongyue法门的已点亮道具达到Build2时，“护坛”追加协同数值。","candidate_core_i016_03#50e16ac006aa366e7266cf3ae176b34fbaa4da72606fdfe1ff9c50220a666f16","ItemBalanceWorkbenchCatalog/ITEM_FOUR_CORE_CANDIDATE_DATA_CORRECTION01_R1/I016/candidate_core_i016_03","TalismanBag.Items.Awakening.DefaultItemCoreEffectDefinitionProvider/I016/I016_CORE_03","ItemCoreEffectIdentityCatalogSnapshot.v2","ITEM_FOUR_CORE_AWAKENING_RUNTIME_CONTRACT_CORRECTION01_R1"
"I016","Ultimate","candidate_core_i016_ultimate","I016_CORE_ULT","40","40","Orange","orange","护坛令旗·成法","护坛令旗完成成法后，将“护坛”的触发结果转换为一次不消耗原状态的机制回响；每轮限一次。","candidate_core_i016_ultimate#b35d184c368648d5eefd836f80488d4c3ac4957259a8cca0342f66d541aaf244","ItemBalanceWorkbenchCatalog/ITEM_FOUR_CORE_CANDIDATE_DATA_CORRECTION01_R1/I016/candidate_core_i016_ultimate","TalismanBag.Items.Awakening.DefaultItemCoreEffectDefinitionProvider/I016/I016_CORE_ULT","ItemCoreEffectIdentityCatalogSnapshot.v2","ITEM_FOUR_CORE_AWAKENING_RUNTIME_CONTRACT_CORRECTION01_R1"
"I017","Core1","candidate_core_i017_01","I017_CORE_01","10","10","White","white","照邪八卦镜·初识","照邪八卦镜点亮后，“定影”的基础候选效果获得第一层强化。","candidate_core_i017_01#864f2b5c64f536694969fa57cf9b7c479f70ec36cf31fa5e775dd67ef7800db6","ItemBalanceWorkbenchCatalog/ITEM_FOUR_CORE_CANDIDATE_DATA_CORRECTION01_R1/I017/candidate_core_i017_01","TalismanBag.Items.Awakening.DefaultItemCoreEffectDefinitionProvider/I017/I017_CORE_01","ItemCoreEffectIdentityCatalogSnapshot.v2","ITEM_FOUR_CORE_AWAKENING_RUNTIME_CONTRACT_CORRECTION01_R1"
"I017","Core2","candidate_core_i017_02","I017_CORE_02","20","20","Green","green","照邪八卦镜·承式","触发“定影”后返还一部分节奏资源，并保留下一次触发条件。","candidate_core_i017_02#73c0178e8b2ea1fff5993fba0df3d41c3c4fcb8aa2a6235aedbb788ebbdf17dc","ItemBalanceWorkbenchCatalog/ITEM_FOUR_CORE_CANDIDATE_DATA_CORRECTION01_R1/I017/candidate_core_i017_02","TalismanBag.Items.Awakening.DefaultItemCoreEffectDefinitionProvider/I017/I017_CORE_02","ItemCoreEffectIdentityCatalogSnapshot.v2","ITEM_FOUR_CORE_AWAKENING_RUNTIME_CONTRACT_CORRECTION01_R1"
"I017","Core3","candidate_core_i017_03","I017_CORE_03","30","30","Blue","blue","照邪八卦镜·合脉","同属zhongyue法门的已点亮道具达到Build2时，“定影”追加协同数值。","candidate_core_i017_03#9612a63d8286ba28d8c37840c0fa498945a22ccaee2bad9bc8359333af7831c5","ItemBalanceWorkbenchCatalog/ITEM_FOUR_CORE_CANDIDATE_DATA_CORRECTION01_R1/I017/candidate_core_i017_03","TalismanBag.Items.Awakening.DefaultItemCoreEffectDefinitionProvider/I017/I017_CORE_03","ItemCoreEffectIdentityCatalogSnapshot.v2","ITEM_FOUR_CORE_AWAKENING_RUNTIME_CONTRACT_CORRECTION01_R1"
"I017","Ultimate","candidate_core_i017_ultimate","I017_CORE_ULT","40","40","Orange","orange","照邪八卦镜·成法","照邪八卦镜完成成法后，将“定影”的触发结果转换为一次不消耗原状态的机制回响；每轮限一次。","candidate_core_i017_ultimate#107879d3c64f520c7ea11d54391fe901df6e55ee9995ba1f800ad3b0afce2c79","ItemBalanceWorkbenchCatalog/ITEM_FOUR_CORE_CANDIDATE_DATA_CORRECTION01_R1/I017/candidate_core_i017_ultimate","TalismanBag.Items.Awakening.DefaultItemCoreEffectDefinitionProvider/I017/I017_CORE_ULT","ItemCoreEffectIdentityCatalogSnapshot.v2","ITEM_FOUR_CORE_AWAKENING_RUNTIME_CONTRACT_CORRECTION01_R1"
"I018","Core1","candidate_core_i018_01","I018_CORE_01","10","10","White","white","镇山铜鼎·初识","镇山铜鼎点亮后，“镇山”的基础候选效果获得第一层强化。","candidate_core_i018_01#17efb26c9c5997326d785b7b59670f8ec03d7c9c67c21e2fd52a18ccb33233ac","ItemBalanceWorkbenchCatalog/ITEM_FOUR_CORE_CANDIDATE_DATA_CORRECTION01_R1/I018/candidate_core_i018_01","TalismanBag.Items.Awakening.DefaultItemCoreEffectDefinitionProvider/I018/I018_CORE_01","ItemCoreEffectIdentityCatalogSnapshot.v2","ITEM_FOUR_CORE_AWAKENING_RUNTIME_CONTRACT_CORRECTION01_R1"
"I018","Core2","candidate_core_i018_02","I018_CORE_02","20","20","Green","green","镇山铜鼎·承式","触发“镇山”后返还一部分节奏资源，并保留下一次触发条件。","candidate_core_i018_02#ae6de5cdc3167181d12bb33a0c23d98fe05e32c9adb3afc7763965901d08d2d0","ItemBalanceWorkbenchCatalog/ITEM_FOUR_CORE_CANDIDATE_DATA_CORRECTION01_R1/I018/candidate_core_i018_02","TalismanBag.Items.Awakening.DefaultItemCoreEffectDefinitionProvider/I018/I018_CORE_02","ItemCoreEffectIdentityCatalogSnapshot.v2","ITEM_FOUR_CORE_AWAKENING_RUNTIME_CONTRACT_CORRECTION01_R1"
"I018","Core3","candidate_core_i018_03","I018_CORE_03","30","30","Blue","blue","镇山铜鼎·合脉","同属zhongyue法门的已点亮道具达到Build2时，“镇山”追加协同数值。","candidate_core_i018_03#1a8b5e6127c955bd9793c12a1f9171afa730cda28bd6b2c0e3f1255f3bfe867a","ItemBalanceWorkbenchCatalog/ITEM_FOUR_CORE_CANDIDATE_DATA_CORRECTION01_R1/I018/candidate_core_i018_03","TalismanBag.Items.Awakening.DefaultItemCoreEffectDefinitionProvider/I018/I018_CORE_03","ItemCoreEffectIdentityCatalogSnapshot.v2","ITEM_FOUR_CORE_AWAKENING_RUNTIME_CONTRACT_CORRECTION01_R1"
"I018","Ultimate","candidate_core_i018_ultimate","I018_CORE_ULT","40","40","Orange","orange","镇山铜鼎·成法","镇山铜鼎完成成法后，将“镇山”的触发结果转换为一次不消耗原状态的机制回响；每轮限一次。","candidate_core_i018_ultimate#b64992b2b515b40c04496f344234ecf65d881b15a6d9e2723819c79492222c16","ItemBalanceWorkbenchCatalog/ITEM_FOUR_CORE_CANDIDATE_DATA_CORRECTION01_R1/I018/candidate_core_i018_ultimate","TalismanBag.Items.Awakening.DefaultItemCoreEffectDefinitionProvider/I018/I018_CORE_ULT","ItemCoreEffectIdentityCatalogSnapshot.v2","ITEM_FOUR_CORE_AWAKENING_RUNTIME_CONTRACT_CORRECTION01_R1"
"I019","Core1","candidate_core_i019_01","I019_CORE_01","10","10","White","white","净水符·初识","净水符点亮后，“净水”的基础候选效果获得第一层强化。","candidate_core_i019_01#d5f74f0fb4b6e9748caf7fa2865209340c41f87533d358094d71c3fafd632ca6","ItemBalanceWorkbenchCatalog/ITEM_FOUR_CORE_CANDIDATE_DATA_CORRECTION01_R1/I019/candidate_core_i019_01","TalismanBag.Items.Awakening.DefaultItemCoreEffectDefinitionProvider/I019/I019_CORE_01","ItemCoreEffectIdentityCatalogSnapshot.v2","ITEM_FOUR_CORE_AWAKENING_RUNTIME_CONTRACT_CORRECTION01_R1"
"I019","Core2","candidate_core_i019_02","I019_CORE_02","20","20","Green","green","净水符·承式","触发“净水”后返还一部分节奏资源，并保留下一次触发条件。","candidate_core_i019_02#c6eb5446d16ca167c7eb483665604a12dde23da13a98d6db219560d191a2b3a5","ItemBalanceWorkbenchCatalog/ITEM_FOUR_CORE_CANDIDATE_DATA_CORRECTION01_R1/I019/candidate_core_i019_02","TalismanBag.Items.Awakening.DefaultItemCoreEffectDefinitionProvider/I019/I019_CORE_02","ItemCoreEffectIdentityCatalogSnapshot.v2","ITEM_FOUR_CORE_AWAKENING_RUNTIME_CONTRACT_CORRECTION01_R1"
"I019","Core3","candidate_core_i019_03","I019_CORE_03","30","30","Blue","blue","净水符·合脉","同属xuanshui法门的已点亮道具达到Build2时，“净水”追加协同数值。","candidate_core_i019_03#468980cde0978b21cf85e5ee7a89e33a6d2d3f7286729f9f238854baabd29a6a","ItemBalanceWorkbenchCatalog/ITEM_FOUR_CORE_CANDIDATE_DATA_CORRECTION01_R1/I019/candidate_core_i019_03","TalismanBag.Items.Awakening.DefaultItemCoreEffectDefinitionProvider/I019/I019_CORE_03","ItemCoreEffectIdentityCatalogSnapshot.v2","ITEM_FOUR_CORE_AWAKENING_RUNTIME_CONTRACT_CORRECTION01_R1"
"I019","Ultimate","candidate_core_i019_ultimate","I019_CORE_ULT","40","40","Orange","orange","净水符·成法","净水符完成成法后，将“净水”的触发结果转换为一次不消耗原状态的机制回响；每轮限一次。","candidate_core_i019_ultimate#73692dc6abc601a5c2448dc56472f716da8f5f7d6bee4764d970a0d333f264e7","ItemBalanceWorkbenchCatalog/ITEM_FOUR_CORE_CANDIDATE_DATA_CORRECTION01_R1/I019/candidate_core_i019_ultimate","TalismanBag.Items.Awakening.DefaultItemCoreEffectDefinitionProvider/I019/I019_CORE_ULT","ItemCoreEffectIdentityCatalogSnapshot.v2","ITEM_FOUR_CORE_AWAKENING_RUNTIME_CONTRACT_CORRECTION01_R1"
"I020","Core1","candidate_core_i020_01","I020_CORE_01","10","10","White","white","涤秽长符·初识","涤秽长符点亮后，“涤秽”的基础候选效果获得第一层强化。","candidate_core_i020_01#0568d0c98314bff7eb2e6f0a91d4aa39d2d81e108aad1ff6839ddfbc08731119","ItemBalanceWorkbenchCatalog/ITEM_FOUR_CORE_CANDIDATE_DATA_CORRECTION01_R1/I020/candidate_core_i020_01","TalismanBag.Items.Awakening.DefaultItemCoreEffectDefinitionProvider/I020/I020_CORE_01","ItemCoreEffectIdentityCatalogSnapshot.v2","ITEM_FOUR_CORE_AWAKENING_RUNTIME_CONTRACT_CORRECTION01_R1"
"I020","Core2","candidate_core_i020_02","I020_CORE_02","20","20","Green","green","涤秽长符·承式","触发“涤秽”后返还一部分节奏资源，并保留下一次触发条件。","candidate_core_i020_02#e9d0c9f8e67bd4ffe6e67a401e6a6de3e39b9fd9e3f4fa935b9d2cd4cfc19787","ItemBalanceWorkbenchCatalog/ITEM_FOUR_CORE_CANDIDATE_DATA_CORRECTION01_R1/I020/candidate_core_i020_02","TalismanBag.Items.Awakening.DefaultItemCoreEffectDefinitionProvider/I020/I020_CORE_02","ItemCoreEffectIdentityCatalogSnapshot.v2","ITEM_FOUR_CORE_AWAKENING_RUNTIME_CONTRACT_CORRECTION01_R1"
"I020","Core3","candidate_core_i020_03","I020_CORE_03","30","30","Blue","blue","涤秽长符·合脉","同属xuanshui法门的已点亮道具达到Build2时，“涤秽”追加协同数值。","candidate_core_i020_03#91a48cc9a0b69dce0f92a99a40d6b23bbacbe80805fa4408204e01cad095c91e","ItemBalanceWorkbenchCatalog/ITEM_FOUR_CORE_CANDIDATE_DATA_CORRECTION01_R1/I020/candidate_core_i020_03","TalismanBag.Items.Awakening.DefaultItemCoreEffectDefinitionProvider/I020/I020_CORE_03","ItemCoreEffectIdentityCatalogSnapshot.v2","ITEM_FOUR_CORE_AWAKENING_RUNTIME_CONTRACT_CORRECTION01_R1"
"I020","Ultimate","candidate_core_i020_ultimate","I020_CORE_ULT","40","40","Orange","orange","涤秽长符·成法","涤秽长符完成成法后，将“涤秽”的触发结果转换为一次不消耗原状态的机制回响；每轮限一次。","candidate_core_i020_ultimate#ea4ebad3a1cb5d90def63dd6607ea1383db49619921f83e719f9541cd029303f","ItemBalanceWorkbenchCatalog/ITEM_FOUR_CORE_CANDIDATE_DATA_CORRECTION01_R1/I020/candidate_core_i020_ultimate","TalismanBag.Items.Awakening.DefaultItemCoreEffectDefinitionProvider/I020/I020_CORE_ULT","ItemCoreEffectIdentityCatalogSnapshot.v2","ITEM_FOUR_CORE_AWAKENING_RUNTIME_CONTRACT_CORRECTION01_R1"
"I021","Core1","candidate_core_i021_01","I021_CORE_01","10","10","White","white","玄水涤秽印·初识","玄水涤秽印点亮后，“涤心”的基础候选效果获得第一层强化。","candidate_core_i021_01#93ea335ac7a7ca04eb563f46aa8305253cb65865479d1fdd24d92f0963322541","ItemBalanceWorkbenchCatalog/ITEM_FOUR_CORE_CANDIDATE_DATA_CORRECTION01_R1/I021/candidate_core_i021_01","TalismanBag.Items.Awakening.DefaultItemCoreEffectDefinitionProvider/I021/I021_CORE_01","ItemCoreEffectIdentityCatalogSnapshot.v2","ITEM_FOUR_CORE_AWAKENING_RUNTIME_CONTRACT_CORRECTION01_R1"
"I021","Core2","candidate_core_i021_02","I021_CORE_02","20","20","Green","green","玄水涤秽印·承式","触发“涤心”后返还一部分节奏资源，并保留下一次触发条件。","candidate_core_i021_02#ff470124dc8e7fcc4adcc0c79c78745b2a7e0c680eccdf4f016889b874e20595","ItemBalanceWorkbenchCatalog/ITEM_FOUR_CORE_CANDIDATE_DATA_CORRECTION01_R1/I021/candidate_core_i021_02","TalismanBag.Items.Awakening.DefaultItemCoreEffectDefinitionProvider/I021/I021_CORE_02","ItemCoreEffectIdentityCatalogSnapshot.v2","ITEM_FOUR_CORE_AWAKENING_RUNTIME_CONTRACT_CORRECTION01_R1"
"I021","Core3","candidate_core_i021_03","I021_CORE_03","30","30","Blue","blue","玄水涤秽印·合脉","同属xuanshui法门的已点亮道具达到Build2时，“涤心”追加协同数值。","candidate_core_i021_03#d360588588204b43dd6c210607a51236ca0a63ed32c1096128a6fa27be6c20a6","ItemBalanceWorkbenchCatalog/ITEM_FOUR_CORE_CANDIDATE_DATA_CORRECTION01_R1/I021/candidate_core_i021_03","TalismanBag.Items.Awakening.DefaultItemCoreEffectDefinitionProvider/I021/I021_CORE_03","ItemCoreEffectIdentityCatalogSnapshot.v2","ITEM_FOUR_CORE_AWAKENING_RUNTIME_CONTRACT_CORRECTION01_R1"
"I021","Ultimate","candidate_core_i021_ultimate","I021_CORE_ULT","40","40","Orange","orange","玄水涤秽印·成法","玄水涤秽印完成成法后，将“涤心”的触发结果转换为一次不消耗原状态的机制回响；每轮限一次。","candidate_core_i021_ultimate#78e60dd6b0073830a3427e9e04ebce262635e0d33a1dbe2307025139c8df8b18","ItemBalanceWorkbenchCatalog/ITEM_FOUR_CORE_CANDIDATE_DATA_CORRECTION01_R1/I021/candidate_core_i021_ultimate","TalismanBag.Items.Awakening.DefaultItemCoreEffectDefinitionProvider/I021/I021_CORE_ULT","ItemCoreEffectIdentityCatalogSnapshot.v2","ITEM_FOUR_CORE_AWAKENING_RUNTIME_CONTRACT_CORRECTION01_R1"
"I022","Core1","candidate_core_i022_01","I022_CORE_01","10","10","White","white","玄水流令·初识","玄水流令点亮后，“回流”的基础候选效果获得第一层强化。","candidate_core_i022_01#5c350209db83b0b18419d390e7bb30978da88426ef129bf3511d8b460d7e3540","ItemBalanceWorkbenchCatalog/ITEM_FOUR_CORE_CANDIDATE_DATA_CORRECTION01_R1/I022/candidate_core_i022_01","TalismanBag.Items.Awakening.DefaultItemCoreEffectDefinitionProvider/I022/I022_CORE_01","ItemCoreEffectIdentityCatalogSnapshot.v2","ITEM_FOUR_CORE_AWAKENING_RUNTIME_CONTRACT_CORRECTION01_R1"
"I022","Core2","candidate_core_i022_02","I022_CORE_02","20","20","Green","green","玄水流令·承式","触发“回流”后返还一部分节奏资源，并保留下一次触发条件。","candidate_core_i022_02#379e039a3baa5f98d40c3bff1cd3af2f71859bad511e977ed9536d394601006c","ItemBalanceWorkbenchCatalog/ITEM_FOUR_CORE_CANDIDATE_DATA_CORRECTION01_R1/I022/candidate_core_i022_02","TalismanBag.Items.Awakening.DefaultItemCoreEffectDefinitionProvider/I022/I022_CORE_02","ItemCoreEffectIdentityCatalogSnapshot.v2","ITEM_FOUR_CORE_AWAKENING_RUNTIME_CONTRACT_CORRECTION01_R1"
"I022","Core3","candidate_core_i022_03","I022_CORE_03","30","30","Blue","blue","玄水流令·合脉","同属xuanshui法门的已点亮道具达到Build2时，“回流”追加协同数值。","candidate_core_i022_03#38e4cfe4c01285393d1e0f5ffaf83c05cc2feefd8d20b5330b6983aaf77e7276","ItemBalanceWorkbenchCatalog/ITEM_FOUR_CORE_CANDIDATE_DATA_CORRECTION01_R1/I022/candidate_core_i022_03","TalismanBag.Items.Awakening.DefaultItemCoreEffectDefinitionProvider/I022/I022_CORE_03","ItemCoreEffectIdentityCatalogSnapshot.v2","ITEM_FOUR_CORE_AWAKENING_RUNTIME_CONTRACT_CORRECTION01_R1"
"I022","Ultimate","candidate_core_i022_ultimate","I022_CORE_ULT","40","40","Orange","orange","玄水流令·成法","玄水流令完成成法后，将“回流”的触发结果转换为一次不消耗原状态的机制回响；每轮限一次。","candidate_core_i022_ultimate#4c0d218df50ce395ed3f673d3cbc56e6681b844cdfcd2df24575d642d2db7fcf","ItemBalanceWorkbenchCatalog/ITEM_FOUR_CORE_CANDIDATE_DATA_CORRECTION01_R1/I022/candidate_core_i022_ultimate","TalismanBag.Items.Awakening.DefaultItemCoreEffectDefinitionProvider/I022/I022_CORE_ULT","ItemCoreEffectIdentityCatalogSnapshot.v2","ITEM_FOUR_CORE_AWAKENING_RUNTIME_CONTRACT_CORRECTION01_R1"
"I023","Core1","candidate_core_i023_01","I023_CORE_01","10","10","White","white","照秽水镜·初识","照秽水镜点亮后，“照秽”的基础候选效果获得第一层强化。","candidate_core_i023_01#1ac1e5aec2d7a9e4100ac2406023dcb8484a12fa803824f248af0ba29a0ce88c","ItemBalanceWorkbenchCatalog/ITEM_FOUR_CORE_CANDIDATE_DATA_CORRECTION01_R1/I023/candidate_core_i023_01","TalismanBag.Items.Awakening.DefaultItemCoreEffectDefinitionProvider/I023/I023_CORE_01","ItemCoreEffectIdentityCatalogSnapshot.v2","ITEM_FOUR_CORE_AWAKENING_RUNTIME_CONTRACT_CORRECTION01_R1"
"I023","Core2","candidate_core_i023_02","I023_CORE_02","20","20","Green","green","照秽水镜·承式","触发“照秽”后返还一部分节奏资源，并保留下一次触发条件。","candidate_core_i023_02#cd171ab781925fd3357cf4801dec9d2011f5fa5b58e0113d638097b2df13095b","ItemBalanceWorkbenchCatalog/ITEM_FOUR_CORE_CANDIDATE_DATA_CORRECTION01_R1/I023/candidate_core_i023_02","TalismanBag.Items.Awakening.DefaultItemCoreEffectDefinitionProvider/I023/I023_CORE_02","ItemCoreEffectIdentityCatalogSnapshot.v2","ITEM_FOUR_CORE_AWAKENING_RUNTIME_CONTRACT_CORRECTION01_R1"
"I023","Core3","candidate_core_i023_03","I023_CORE_03","30","30","Blue","blue","照秽水镜·合脉","同属xuanshui法门的已点亮道具达到Build2时，“照秽”追加协同数值。","candidate_core_i023_03#37e64cc76f0d1792ea665fb95f259627f4cdc88cc5e8e0d0cbaa03c9db2384cf","ItemBalanceWorkbenchCatalog/ITEM_FOUR_CORE_CANDIDATE_DATA_CORRECTION01_R1/I023/candidate_core_i023_03","TalismanBag.Items.Awakening.DefaultItemCoreEffectDefinitionProvider/I023/I023_CORE_03","ItemCoreEffectIdentityCatalogSnapshot.v2","ITEM_FOUR_CORE_AWAKENING_RUNTIME_CONTRACT_CORRECTION01_R1"
"I023","Ultimate","candidate_core_i023_ultimate","I023_CORE_ULT","40","40","Orange","orange","照秽水镜·成法","照秽水镜完成成法后，将“照秽”的触发结果转换为一次不消耗原状态的机制回响；每轮限一次。","candidate_core_i023_ultimate#e0c28fa326a2c74ca3b309b795a5690bbb82f306054e6f1d4d289cb3e75eb91d","ItemBalanceWorkbenchCatalog/ITEM_FOUR_CORE_CANDIDATE_DATA_CORRECTION01_R1/I023/candidate_core_i023_ultimate","TalismanBag.Items.Awakening.DefaultItemCoreEffectDefinitionProvider/I023/I023_CORE_ULT","ItemCoreEffectIdentityCatalogSnapshot.v2","ITEM_FOUR_CORE_AWAKENING_RUNTIME_CONTRACT_CORRECTION01_R1"
"I024","Core1","candidate_core_i024_01","I024_CORE_01","10","10","White","white","净水盂·初识","净水盂点亮后，“蓄水”的基础候选效果获得第一层强化。","candidate_core_i024_01#a0b5ad6e5bcd50b2224076f4842f7c11af5e0b7d9b6878a19bd7aec05261a226","ItemBalanceWorkbenchCatalog/ITEM_FOUR_CORE_CANDIDATE_DATA_CORRECTION01_R1/I024/candidate_core_i024_01","TalismanBag.Items.Awakening.DefaultItemCoreEffectDefinitionProvider/I024/I024_CORE_01","ItemCoreEffectIdentityCatalogSnapshot.v2","ITEM_FOUR_CORE_AWAKENING_RUNTIME_CONTRACT_CORRECTION01_R1"
"I024","Core2","candidate_core_i024_02","I024_CORE_02","20","20","Green","green","净水盂·承式","触发“蓄水”后返还一部分节奏资源，并保留下一次触发条件。","candidate_core_i024_02#204c2d91bab5ad7ada3fc65e6d0a78b8e935233b1b26a3c9c973c4ca169eda9b","ItemBalanceWorkbenchCatalog/ITEM_FOUR_CORE_CANDIDATE_DATA_CORRECTION01_R1/I024/candidate_core_i024_02","TalismanBag.Items.Awakening.DefaultItemCoreEffectDefinitionProvider/I024/I024_CORE_02","ItemCoreEffectIdentityCatalogSnapshot.v2","ITEM_FOUR_CORE_AWAKENING_RUNTIME_CONTRACT_CORRECTION01_R1"
"I024","Core3","candidate_core_i024_03","I024_CORE_03","30","30","Blue","blue","净水盂·合脉","同属xuanshui法门的已点亮道具达到Build2时，“蓄水”追加协同数值。","candidate_core_i024_03#2b00fe08b647387a011117fed2abaddc7db531faa94bae39f47a096f88cfd07b","ItemBalanceWorkbenchCatalog/ITEM_FOUR_CORE_CANDIDATE_DATA_CORRECTION01_R1/I024/candidate_core_i024_03","TalismanBag.Items.Awakening.DefaultItemCoreEffectDefinitionProvider/I024/I024_CORE_03","ItemCoreEffectIdentityCatalogSnapshot.v2","ITEM_FOUR_CORE_AWAKENING_RUNTIME_CONTRACT_CORRECTION01_R1"
"I024","Ultimate","candidate_core_i024_ultimate","I024_CORE_ULT","40","40","Orange","orange","净水盂·成法","净水盂完成成法后，将“蓄水”的触发结果转换为一次不消耗原状态的机制回响；每轮限一次。","candidate_core_i024_ultimate#7b0fe41b4c3c9b8483bd09f61056cde69b5dc30ea4bd7d6046e0182cf2405a44","ItemBalanceWorkbenchCatalog/ITEM_FOUR_CORE_CANDIDATE_DATA_CORRECTION01_R1/I024/candidate_core_i024_ultimate","TalismanBag.Items.Awakening.DefaultItemCoreEffectDefinitionProvider/I024/I024_CORE_ULT","ItemCoreEffectIdentityCatalogSnapshot.v2","ITEM_FOUR_CORE_AWAKENING_RUNTIME_CONTRACT_CORRECTION01_R1"
"I025","Core1","candidate_core_i025_01","I025_CORE_01","10","10","White","white","封煞符·初识","封煞符点亮后，“封煞”的基础候选效果获得第一层强化。","candidate_core_i025_01#c890db339013f4e52e3225ef2047466d4f2a78721127bb0d3e839f4182a65014","ItemBalanceWorkbenchCatalog/ITEM_FOUR_CORE_CANDIDATE_DATA_CORRECTION01_R1/I025/candidate_core_i025_01","TalismanBag.Items.Awakening.DefaultItemCoreEffectDefinitionProvider/I025/I025_CORE_01","ItemCoreEffectIdentityCatalogSnapshot.v2","ITEM_FOUR_CORE_AWAKENING_RUNTIME_CONTRACT_CORRECTION01_R1"
"I025","Core2","candidate_core_i025_02","I025_CORE_02","20","20","Green","green","封煞符·承式","触发“封煞”后返还一部分节奏资源，并保留下一次触发条件。","candidate_core_i025_02#6429f53ca98e177bc86f67d3342c167cb16fd23717cd0811cac1c0377285adec","ItemBalanceWorkbenchCatalog/ITEM_FOUR_CORE_CANDIDATE_DATA_CORRECTION01_R1/I025/candidate_core_i025_02","TalismanBag.Items.Awakening.DefaultItemCoreEffectDefinitionProvider/I025/I025_CORE_02","ItemCoreEffectIdentityCatalogSnapshot.v2","ITEM_FOUR_CORE_AWAKENING_RUNTIME_CONTRACT_CORRECTION01_R1"
"I025","Core3","candidate_core_i025_03","I025_CORE_03","30","30","Blue","blue","封煞符·合脉","同属taibai法门的已点亮道具达到Build2时，“封煞”追加协同数值。","candidate_core_i025_03#253b964a76d94fa192ad6ed546b53043d98897141614c5e14feecbb01271842d","ItemBalanceWorkbenchCatalog/ITEM_FOUR_CORE_CANDIDATE_DATA_CORRECTION01_R1/I025/candidate_core_i025_03","TalismanBag.Items.Awakening.DefaultItemCoreEffectDefinitionProvider/I025/I025_CORE_03","ItemCoreEffectIdentityCatalogSnapshot.v2","ITEM_FOUR_CORE_AWAKENING_RUNTIME_CONTRACT_CORRECTION01_R1"
"I025","Ultimate","candidate_core_i025_ultimate","I025_CORE_ULT","40","40","Orange","orange","封煞符·成法","封煞符完成成法后，将“封煞”的触发结果转换为一次不消耗原状态的机制回响；每轮限一次。","candidate_core_i025_ultimate#0f888247b976949d720ea4c31f7823d4fea1b1b8b15215b1f62d1413bfffa743","ItemBalanceWorkbenchCatalog/ITEM_FOUR_CORE_CANDIDATE_DATA_CORRECTION01_R1/I025/candidate_core_i025_ultimate","TalismanBag.Items.Awakening.DefaultItemCoreEffectDefinitionProvider/I025/I025_CORE_ULT","ItemCoreEffectIdentityCatalogSnapshot.v2","ITEM_FOUR_CORE_AWAKENING_RUNTIME_CONTRACT_CORRECTION01_R1"
"I026","Core1","candidate_core_i026_01","I026_CORE_01","10","10","White","white","太白斩符·初识","太白斩符点亮后，“太白”的基础候选效果获得第一层强化。","candidate_core_i026_01#ac2508994a906e17f43c7e922e8f3fbf2af2bfc6ca68ff7f2433552b01d95b33","ItemBalanceWorkbenchCatalog/ITEM_FOUR_CORE_CANDIDATE_DATA_CORRECTION01_R1/I026/candidate_core_i026_01","TalismanBag.Items.Awakening.DefaultItemCoreEffectDefinitionProvider/I026/I026_CORE_01","ItemCoreEffectIdentityCatalogSnapshot.v2","ITEM_FOUR_CORE_AWAKENING_RUNTIME_CONTRACT_CORRECTION01_R1"
"I026","Core2","candidate_core_i026_02","I026_CORE_02","20","20","Green","green","太白斩符·承式","触发“太白”后返还一部分节奏资源，并保留下一次触发条件。","candidate_core_i026_02#c697dcadbab031fe1e7310005256980a449ec6851af46ce40aba69f77927a40c","ItemBalanceWorkbenchCatalog/ITEM_FOUR_CORE_CANDIDATE_DATA_CORRECTION01_R1/I026/candidate_core_i026_02","TalismanBag.Items.Awakening.DefaultItemCoreEffectDefinitionProvider/I026/I026_CORE_02","ItemCoreEffectIdentityCatalogSnapshot.v2","ITEM_FOUR_CORE_AWAKENING_RUNTIME_CONTRACT_CORRECTION01_R1"
"I026","Core3","candidate_core_i026_03","I026_CORE_03","30","30","Blue","blue","太白斩符·合脉","同属taibai法门的已点亮道具达到Build2时，“太白”追加协同数值。","candidate_core_i026_03#18b28bc83bb59cf4e22b49b8dfaffd2e7d73652693ec2693af1d0cbfb55333d6","ItemBalanceWorkbenchCatalog/ITEM_FOUR_CORE_CANDIDATE_DATA_CORRECTION01_R1/I026/candidate_core_i026_03","TalismanBag.Items.Awakening.DefaultItemCoreEffectDefinitionProvider/I026/I026_CORE_03","ItemCoreEffectIdentityCatalogSnapshot.v2","ITEM_FOUR_CORE_AWAKENING_RUNTIME_CONTRACT_CORRECTION01_R1"
"I026","Ultimate","candidate_core_i026_ultimate","I026_CORE_ULT","40","40","Orange","orange","太白斩符·成法","太白斩符完成成法后，将“太白”的触发结果转换为一次不消耗原状态的机制回响；每轮限一次。","candidate_core_i026_ultimate#02e0e43fc3fd5a78a25aa8691351cc214a81f58d1962d3648a08456b2a71520f","ItemBalanceWorkbenchCatalog/ITEM_FOUR_CORE_CANDIDATE_DATA_CORRECTION01_R1/I026/candidate_core_i026_ultimate","TalismanBag.Items.Awakening.DefaultItemCoreEffectDefinitionProvider/I026/I026_CORE_ULT","ItemCoreEffectIdentityCatalogSnapshot.v2","ITEM_FOUR_CORE_AWAKENING_RUNTIME_CONTRACT_CORRECTION01_R1"
"I027","Core1","candidate_core_i027_01","I027_CORE_01","10","10","White","white","太白斩煞印·初识","太白斩煞印点亮后，“斩煞”的基础候选效果获得第一层强化。","candidate_core_i027_01#88ed0bdefde22ba990a60caf31504d06cdcde61d9a3ba61927052bbb50383925","ItemBalanceWorkbenchCatalog/ITEM_FOUR_CORE_CANDIDATE_DATA_CORRECTION01_R1/I027/candidate_core_i027_01","TalismanBag.Items.Awakening.DefaultItemCoreEffectDefinitionProvider/I027/I027_CORE_01","ItemCoreEffectIdentityCatalogSnapshot.v2","ITEM_FOUR_CORE_AWAKENING_RUNTIME_CONTRACT_CORRECTION01_R1"
"I027","Core2","candidate_core_i027_02","I027_CORE_02","20","20","Green","green","太白斩煞印·承式","触发“斩煞”后返还一部分节奏资源，并保留下一次触发条件。","candidate_core_i027_02#07726733e3019f73834f5ef0c3441095dc31d88dd8f1c472310bb086643ee501","ItemBalanceWorkbenchCatalog/ITEM_FOUR_CORE_CANDIDATE_DATA_CORRECTION01_R1/I027/candidate_core_i027_02","TalismanBag.Items.Awakening.DefaultItemCoreEffectDefinitionProvider/I027/I027_CORE_02","ItemCoreEffectIdentityCatalogSnapshot.v2","ITEM_FOUR_CORE_AWAKENING_RUNTIME_CONTRACT_CORRECTION01_R1"
"I027","Core3","candidate_core_i027_03","I027_CORE_03","30","30","Blue","blue","太白斩煞印·合脉","同属taibai法门的已点亮道具达到Build2时，“斩煞”追加协同数值。","candidate_core_i027_03#42a2492aceda0199af6b8cd235cc44f073406b5ff8cd75410b0d71c24b3c3287","ItemBalanceWorkbenchCatalog/ITEM_FOUR_CORE_CANDIDATE_DATA_CORRECTION01_R1/I027/candidate_core_i027_03","TalismanBag.Items.Awakening.DefaultItemCoreEffectDefinitionProvider/I027/I027_CORE_03","ItemCoreEffectIdentityCatalogSnapshot.v2","ITEM_FOUR_CORE_AWAKENING_RUNTIME_CONTRACT_CORRECTION01_R1"
"I027","Ultimate","candidate_core_i027_ultimate","I027_CORE_ULT","40","40","Orange","orange","太白斩煞印·成法","太白斩煞印完成成法后，将“斩煞”的触发结果转换为一次不消耗原状态的机制回响；每轮限一次。","candidate_core_i027_ultimate#ea4517b9d379cb55c1d3b8dad41213be22da373960609bc0efbc0b06cbb1d75e","ItemBalanceWorkbenchCatalog/ITEM_FOUR_CORE_CANDIDATE_DATA_CORRECTION01_R1/I027/candidate_core_i027_ultimate","TalismanBag.Items.Awakening.DefaultItemCoreEffectDefinitionProvider/I027/I027_CORE_ULT","ItemCoreEffectIdentityCatalogSnapshot.v2","ITEM_FOUR_CORE_AWAKENING_RUNTIME_CONTRACT_CORRECTION01_R1"
"I028","Core1","candidate_core_i028_01","I028_CORE_01","10","10","White","white","断煞令·初识","断煞令点亮后，“断令”的基础候选效果获得第一层强化。","candidate_core_i028_01#56ec8b83eea6c76f4f515eb18affc54771291528012f1fb54ec18c084da69472","ItemBalanceWorkbenchCatalog/ITEM_FOUR_CORE_CANDIDATE_DATA_CORRECTION01_R1/I028/candidate_core_i028_01","TalismanBag.Items.Awakening.DefaultItemCoreEffectDefinitionProvider/I028/I028_CORE_01","ItemCoreEffectIdentityCatalogSnapshot.v2","ITEM_FOUR_CORE_AWAKENING_RUNTIME_CONTRACT_CORRECTION01_R1"
"I028","Core2","candidate_core_i028_02","I028_CORE_02","20","20","Green","green","断煞令·承式","触发“断令”后返还一部分节奏资源，并保留下一次触发条件。","candidate_core_i028_02#9daf8274390b75e61d57dae14893779cb2c7d41c9d13a630ae4527fc1109368b","ItemBalanceWorkbenchCatalog/ITEM_FOUR_CORE_CANDIDATE_DATA_CORRECTION01_R1/I028/candidate_core_i028_02","TalismanBag.Items.Awakening.DefaultItemCoreEffectDefinitionProvider/I028/I028_CORE_02","ItemCoreEffectIdentityCatalogSnapshot.v2","ITEM_FOUR_CORE_AWAKENING_RUNTIME_CONTRACT_CORRECTION01_R1"
"I028","Core3","candidate_core_i028_03","I028_CORE_03","30","30","Blue","blue","断煞令·合脉","同属taibai法门的已点亮道具达到Build2时，“断令”追加协同数值。","candidate_core_i028_03#f071630838f729ec756d0189383dd44ae87add87952e51bb7e91ee8c668e7ba2","ItemBalanceWorkbenchCatalog/ITEM_FOUR_CORE_CANDIDATE_DATA_CORRECTION01_R1/I028/candidate_core_i028_03","TalismanBag.Items.Awakening.DefaultItemCoreEffectDefinitionProvider/I028/I028_CORE_03","ItemCoreEffectIdentityCatalogSnapshot.v2","ITEM_FOUR_CORE_AWAKENING_RUNTIME_CONTRACT_CORRECTION01_R1"
"I028","Ultimate","candidate_core_i028_ultimate","I028_CORE_ULT","40","40","Orange","orange","断煞令·成法","断煞令完成成法后，将“断令”的触发结果转换为一次不消耗原状态的机制回响；每轮限一次。","candidate_core_i028_ultimate#12f86888c9b5e588ebea1e117ad3f042d88509122d5b7ceb5626cc38360a97ae","ItemBalanceWorkbenchCatalog/ITEM_FOUR_CORE_CANDIDATE_DATA_CORRECTION01_R1/I028/candidate_core_i028_ultimate","TalismanBag.Items.Awakening.DefaultItemCoreEffectDefinitionProvider/I028/I028_CORE_ULT","ItemCoreEffectIdentityCatalogSnapshot.v2","ITEM_FOUR_CORE_AWAKENING_RUNTIME_CONTRACT_CORRECTION01_R1"
"I029","Core1","candidate_core_i029_01","I029_CORE_01","10","10","White","white","照煞镜·初识","照煞镜点亮后，“照煞”的基础候选效果获得第一层强化。","candidate_core_i029_01#26fb1945fcc9108aa875d8688ecf5cda040751c913fae302d54f04dd279b8334","ItemBalanceWorkbenchCatalog/ITEM_FOUR_CORE_CANDIDATE_DATA_CORRECTION01_R1/I029/candidate_core_i029_01","TalismanBag.Items.Awakening.DefaultItemCoreEffectDefinitionProvider/I029/I029_CORE_01","ItemCoreEffectIdentityCatalogSnapshot.v2","ITEM_FOUR_CORE_AWAKENING_RUNTIME_CONTRACT_CORRECTION01_R1"
"I029","Core2","candidate_core_i029_02","I029_CORE_02","20","20","Green","green","照煞镜·承式","触发“照煞”后返还一部分节奏资源，并保留下一次触发条件。","candidate_core_i029_02#b94bd3a6dbf8f484cf80bf725878a92be43766817af56e98b8ad008ae20d3b6b","ItemBalanceWorkbenchCatalog/ITEM_FOUR_CORE_CANDIDATE_DATA_CORRECTION01_R1/I029/candidate_core_i029_02","TalismanBag.Items.Awakening.DefaultItemCoreEffectDefinitionProvider/I029/I029_CORE_02","ItemCoreEffectIdentityCatalogSnapshot.v2","ITEM_FOUR_CORE_AWAKENING_RUNTIME_CONTRACT_CORRECTION01_R1"
"I029","Core3","candidate_core_i029_03","I029_CORE_03","30","30","Blue","blue","照煞镜·合脉","同属taibai法门的已点亮道具达到Build2时，“照煞”追加协同数值。","candidate_core_i029_03#0c63320df67170f3fe0b8f3dd30e50821d23a077f1f6999a615bb6789a9fe10f","ItemBalanceWorkbenchCatalog/ITEM_FOUR_CORE_CANDIDATE_DATA_CORRECTION01_R1/I029/candidate_core_i029_03","TalismanBag.Items.Awakening.DefaultItemCoreEffectDefinitionProvider/I029/I029_CORE_03","ItemCoreEffectIdentityCatalogSnapshot.v2","ITEM_FOUR_CORE_AWAKENING_RUNTIME_CONTRACT_CORRECTION01_R1"
"I029","Ultimate","candidate_core_i029_ultimate","I029_CORE_ULT","40","40","Orange","orange","照煞镜·成法","照煞镜完成成法后，将“照煞”的触发结果转换为一次不消耗原状态的机制回响；每轮限一次。","candidate_core_i029_ultimate#5341b079cf10abf09f5c348bb1bc3c465e734ce6e4bcbd8d472dcf82a6dc6489","ItemBalanceWorkbenchCatalog/ITEM_FOUR_CORE_CANDIDATE_DATA_CORRECTION01_R1/I029/candidate_core_i029_ultimate","TalismanBag.Items.Awakening.DefaultItemCoreEffectDefinitionProvider/I029/I029_CORE_ULT","ItemCoreEffectIdentityCatalogSnapshot.v2","ITEM_FOUR_CORE_AWAKENING_RUNTIME_CONTRACT_CORRECTION01_R1"
"I030","Core1","candidate_core_i030_01","I030_CORE_01","10","10","White","white","桃木剑·初识","桃木剑点亮后，“桃木”的基础候选效果获得第一层强化。","candidate_core_i030_01#8f9cbdc4386d23ad600bc9282c573adaefadc7d38b23d912d81691115bda5026","ItemBalanceWorkbenchCatalog/ITEM_FOUR_CORE_CANDIDATE_DATA_CORRECTION01_R1/I030/candidate_core_i030_01","TalismanBag.Items.Awakening.DefaultItemCoreEffectDefinitionProvider/I030/I030_CORE_01","ItemCoreEffectIdentityCatalogSnapshot.v2","ITEM_FOUR_CORE_AWAKENING_RUNTIME_CONTRACT_CORRECTION01_R1"
"I030","Core2","candidate_core_i030_02","I030_CORE_02","20","20","Green","green","桃木剑·承式","触发“桃木”后返还一部分节奏资源，并保留下一次触发条件。","candidate_core_i030_02#f02bc973c373cbecab82632fe2a49440b1ddf860065001ba19660017468402f3","ItemBalanceWorkbenchCatalog/ITEM_FOUR_CORE_CANDIDATE_DATA_CORRECTION01_R1/I030/candidate_core_i030_02","TalismanBag.Items.Awakening.DefaultItemCoreEffectDefinitionProvider/I030/I030_CORE_02","ItemCoreEffectIdentityCatalogSnapshot.v2","ITEM_FOUR_CORE_AWAKENING_RUNTIME_CONTRACT_CORRECTION01_R1"
"I030","Core3","candidate_core_i030_03","I030_CORE_03","30","30","Blue","blue","桃木剑·合脉","同属taibai法门的已点亮道具达到Build2时，“桃木”追加协同数值。","candidate_core_i030_03#527059f4afc49c74cc0de28d164152d0bb56d6da77d79a2d052d2c7b5a267032","ItemBalanceWorkbenchCatalog/ITEM_FOUR_CORE_CANDIDATE_DATA_CORRECTION01_R1/I030/candidate_core_i030_03","TalismanBag.Items.Awakening.DefaultItemCoreEffectDefinitionProvider/I030/I030_CORE_03","ItemCoreEffectIdentityCatalogSnapshot.v2","ITEM_FOUR_CORE_AWAKENING_RUNTIME_CONTRACT_CORRECTION01_R1"
"I030","Ultimate","candidate_core_i030_ultimate","I030_CORE_ULT","40","40","Orange","orange","桃木剑·成法","桃木剑完成成法后，将“桃木”的触发结果转换为一次不消耗原状态的机制回响；每轮限一次。","candidate_core_i030_ultimate#ec4853fe4ea96401417665025ac153d2ab034b88a01741f7f5f4c4dbe9dd7e9b","ItemBalanceWorkbenchCatalog/ITEM_FOUR_CORE_CANDIDATE_DATA_CORRECTION01_R1/I030/candidate_core_i030_ultimate","TalismanBag.Items.Awakening.DefaultItemCoreEffectDefinitionProvider/I030/I030_CORE_ULT","ItemCoreEffectIdentityCatalogSnapshot.v2","ITEM_FOUR_CORE_AWAKENING_RUNTIME_CONTRACT_CORRECTION01_R1"
