baseItemId,oldCandidateDefinitionId,oldNodeKind,oldUnlockLevel,oldRequiredRarity,oldSemanticHash,disposition,newCandidateDefinitionId,newNodeKind,newUnlockLevel,newRequiredRarity,newSemanticHash,notes
I001,candidate_core_i001_01,Core1,10,white,089560073d1aec9d7c4d6c117ca2fd2b7b5b21e1056337c80e3d627c4e75f6ef,KEEP_CANONICAL,candidate_core_i001_01,Core1,10,white,089560073d1aec9d7c4d6c117ca2fd2b7b5b21e1056337c80e3d627c4e75f6ef,Task-start semantic hash retained exactly.
I001,candidate_core_i001_02,Core2,20,green,72c02987441aacc1ea1b09c7e35db0cbeae2a8406891f0383893a47ef08950a7,KEEP_CANONICAL,candidate_core_i001_02,Core2,20,green,72c02987441aacc1ea1b09c7e35db0cbeae2a8406891f0383893a47ef08950a7,Task-start semantic hash retained exactly.
I001,candidate_core_i001_03,Core3,30,blue,a20deb302f8ae976f9b8fef9bfd2013c410934291384c87b94e4f6438ab8f132,KEEP_CANONICAL,candidate_core_i001_03,Core3,30,blue,a20deb302f8ae976f9b8fef9bfd2013c410934291384c87b94e4f6438ab8f132,Task-start semantic hash retained exactly.
I001,candidate_core_i001_04,Core4,40,purple,96749ae20139ed06f4f80d43e66ea3e94a3ef316fd93a7ca5698c6a43a70ab06,SUPERSEDED_EXPANSION_DRIFT,,,,,,No canonical target; never mapped or merged into Ultimate.
I001,candidate_core_i001_ultimate,Ultimate,40,orange,5786a0255f5e01c59c798a22837e59e1f550cba1aacc57af6b4421adad6d3541,KEEP_CANONICAL,candidate_core_i001_ultimate,Ultimate,40,orange,5786a0255f5e01c59c798a22837e59e1f550cba1aacc57af6b4421adad6d3541,Task-start semantic hash retained exactly.
I002,candidate_core_i002_01,Core1,10,white,b44b932607df0aa6edca46cff7f2a8fd81aa3ccf97561b2b0f4129e0c46c85e7,KEEP_CANONICAL,candidate_core_i002_01,Core1,10,white,b44b932607df0aa6edca46cff7f2a8fd81aa3ccf97561b2b0f4129e0c46c85e7,Task-start semantic hash retained exactly.
I002,candidate_core_i002_02,Core2,20,green,7e9eeef79db9b42234a021af96d207160e7b2861293d54290c7d902d14d74173,KEEP_CANONICAL,candidate_core_i002_02,Core2,20,green,7e9eeef79db9b42234a021af96d207160e7b2861293d54290c7d902d14d74173,Task-start semantic hash retained exactly.
I002,candidate_core_i002_03,Core3,30,blue,8a4176563c7947ab20343e929e31946bbfa82ceea6600d6ee28001415a8d8464,KEEP_CANONICAL,candidate_core_i002_03,Core3,30,blue,8a4176563c7947ab20343e929e31946bbfa82ceea6600d6ee28001415a8d8464,Task-start semantic hash retained exactly.
I002,candidate_core_i002_04,Core4,40,purple,2056af795426cc12b438c3ec77337bde47819294824880fe5e26a3089590e913,SUPERSEDED_EXPANSION_DRIFT,,,,,,No canonical target; never mapped or merged into Ultimate.
I002,candidate_core_i002_ultimate,Ultimate,40,orange,b46d2ab2f7fbc37efab19ef461709d6a918f3eee7894d8eee31c4142fb987767,KEEP_CANONICAL,candidate_core_i002_ultimate,Ultimate,40,orange,b46d2ab2f7fbc37efab19ef461709d6a918f3eee7894d8eee31c4142fb987767,Task-start semantic hash retained exactly.
I003,candidate_core_i003_01,Core1,10,white,a08a90a609d97cd558ee18426f0a592d36a67e0b5794efb8f0b62e3deaf89551,KEEP_CANONICAL,candidate_core_i003_01,Core1,10,white,a08a90a609d97cd558ee18426f0a592d36a67e0b5794efb8f0b62e3deaf89551,Task-start semantic hash retained exactly.
I003,candidate_core_i003_02,Core2,20,green,f4c4ae41820c4246e5aa8b1b16221ad0d94741ed0b0128275b6a9758a820c7a4,KEEP_CANONICAL,candidate_core_i003_02,Core2,20,green,f4c4ae41820c4246e5aa8b1b16221ad0d94741ed0b0128275b6a9758a820c7a4,Task-start semantic hash retained exactly.
I003,candidate_core_i003_03,Core3,30,blue,bdbf5e24bebee58dfa5b2b83cdae028d1f3cb5fdfad8651d41275794768c23cf,KEEP_CANONICAL,candidate_core_i003_03,Core3,30,blue,bdbf5e24bebee58dfa5b2b83cdae028d1f3cb5fdfad8651d41275794768c23cf,Task-start semantic hash retained exactly.
I003,candidate_core_i003_04,Core4,40,purple,6f414df7c47d4e275e2fd3e0214074b4bb1a990e4c0c44f39dc8e799e337988b,SUPERSEDED_EXPANSION_DRIFT,,,,,,No canonical target; never mapped or merged into Ultimate.
I003,candidate_core_i003_ultimate,Ultimate,40,orange,c394127d74a5ac2d4b9b129d771bc1f5a6b0d0e30d051dcfc75ce9d42e252b32,KEEP_CANONICAL,candidate_core_i003_ultimate,Ultimate,40,orange,c394127d74a5ac2d4b9b129d771bc1f5a6b0d0e30d051dcfc75ce9d42e252b32,Task-start semantic hash retained exactly.
I004,candidate_core_i004_01,Core1,10,white,11eb96090f2098fed037995cff7cc7120d087ce33bef2333d579916be16abf86,KEEP_CANONICAL,candidate_core_i004_01,Core1,10,white,11eb96090f2098fed037995cff7cc7120d087ce33bef2333d579916be16abf86,Task-start semantic hash retained exactly.
I004,candidate_core_i004_02,Core2,20,green,8b8e330a273ddf02dcf329e9a1de6ae07d40cad05ecada3cb543f43042b3684a,KEEP_CANONICAL,candidate_core_i004_02,Core2,20,green,8b8e330a273ddf02dcf329e9a1de6ae07d40cad05ecada3cb543f43042b3684a,Task-start semantic hash retained exactly.
I004,candidate_core_i004_03,Core3,30,blue,0f8f288e7c0b819544219921c4ffc1d05dbd685ce39706c3ea6d42855ddd20a4,KEEP_CANONICAL,candidate_core_i004_03,Core3,30,blue,0f8f288e7c0b819544219921c4ffc1d05dbd685ce39706c3ea6d42855ddd20a4,Task-start semantic hash retained exactly.
I004,candidate_core_i004_04,Core4,40,purple,d24794d0a0d911685e9c0f7edb5aedf7e40324074651ab54b78fce9b19cd69d9,SUPERSEDED_EXPANSION_DRIFT,,,,,,No canonical target; never mapped or merged into Ultimate.
I004,candidate_core_i004_ultimate,Ultimate,40,orange,b8a3e1141e072ff7c4531bc0e3f12a532167db5ba816e257bcda374cb4788565,KEEP_CANONICAL,candidate_core_i004_ultimate,Ultimate,40,orange,b8a3e1141e072ff7c4531bc0e3f12a532167db5ba816e257bcda374cb4788565,Task-start semantic hash retained exactly.
I005,candidate_core_i005_01,Core1,10,white,23ac41db3359a4ed2443c079f31df7a2d2417c7ed93c07db3653c06274373c6a,KEEP_CANONICAL,candidate_core_i005_01,Core1,10,white,23ac41db3359a4ed2443c079f31df7a2d2417c7ed93c07db3653c06274373c6a,Task-start semantic hash retained exactly.
I005,candidate_core_i005_02,Core2,20,green,2d7d0305f2b1627615e060d2582d995420e69ecdf2e5219465a28e565548f862,KEEP_CANONICAL,candidate_core_i005_02,Core2,20,green,2d7d0305f2b1627615e060d2582d995420e69ecdf2e5219465a28e565548f862,Task-start semantic hash retained exactly.
I005,candidate_core_i005_03,Core3,30,blue,57fc9f1472cf686e070271b43dab87ed105c476faef313d85e386c28a18fc936,KEEP_CANONICAL,candidate_core_i005_03,Core3,30,blue,57fc9f1472cf686e070271b43dab87ed105c476faef313d85e386c28a18fc936,Task-start semantic hash retained exactly.
I005,candidate_core_i005_04,Core4,40,purple,14e46d7e2f840516fea55c30ad79f479b4875320d8de2f4b7511e9bb56e3b25f,SUPERSEDED_EXPANSION_DRIFT,,,,,,No canonical target; never mapped or merged into Ultimate.
I005,candidate_core_i005_ultimate,Ultimate,40,orange,2a2d3d11bc449ca062bb53ad9f5238e490f8e489dcc622e2486d2301c149c280,KEEP_CANONICAL,candidate_core_i005_ultimate,Ultimate,40,orange,2a2d3d11bc449ca062bb53ad9f5238e490f8e489dcc622e2486d2301c149c280,Task-start semantic hash retained exactly.
I006,candidate_core_i006_01,Core1,10,white,e2571b1e222e7a4c36fadb7ff954fd003af135bcd6d086f39eab2d56971b0be8,KEEP_CANONICAL,candidate_core_i006_01,Core1,10,white,e2571b1e222e7a4c36fadb7ff954fd003af135bcd6d086f39eab2d56971b0be8,Task-start semantic hash retained exactly.
I006,candidate_core_i006_02,Core2,20,green,9f8430d1380a04544973ef6684c1dbf72d0505045e546fdc448d5fab5a32cb30,KEEP_CANONICAL,candidate_core_i006_02,Core2,20,green,9f8430d1380a04544973ef6684c1dbf72d0505045e546fdc448d5fab5a32cb30,Task-start semantic hash retained exactly.
I006,candidate_core_i006_03,Core3,30,blue,74e60bff818c7f426179d936abb4af172b5ac4b2e102ca05d9a3bd464185ca47,KEEP_CANONICAL,candidate_core_i006_03,Core3,30,blue,74e60bff818c7f426179d936abb4af172b5ac4b2e102ca05d9a3bd464185ca47,Task-start semantic hash retained exactly.
I006,candidate_core_i006_04,Core4,40,purple,3090253d8b95b9dc9716e56e5df17e6eba77f7a46742c59a24fe3be5ae13d4fa,SUPERSEDED_EXPANSION_DRIFT,,,,,,No canonical target; never mapped or merged into Ultimate.
I006,candidate_core_i006_ultimate,Ultimate,40,orange,3a503a37935f6b69fb40be17b754c124f5e780867fd7ed10604b403074157951,KEEP_CANONICAL,candidate_core_i006_ultimate,Ultimate,40,orange,3a503a37935f6b69fb40be17b754c124f5e780867fd7ed10604b403074157951,Task-start semantic hash retained exactly.
I007,candidate_core_i007_01,Core1,10,white,7cf9fc8febc2a3914e4c663dad64ae5e3f9027c24db3fd9ba97e52518bd6e2c3,KEEP_CANONICAL,candidate_core_i007_01,Core1,10,white,7cf9fc8febc2a3914e4c663dad64ae5e3f9027c24db3fd9ba97e52518bd6e2c3,Task-start semantic hash retained exactly.
I007,candidate_core_i007_02,Core2,20,green,68954cf86fa89a26e2c336f1ab5a0a6a95d66705fd3645c53c6b6927a8ef3f6c,KEEP_CANONICAL,candidate_core_i007_02,Core2,20,green,68954cf86fa89a26e2c336f1ab5a0a6a95d66705fd3645c53c6b6927a8ef3f6c,Task-start semantic hash retained exactly.
I007,candidate_core_i007_03,Core3,30,blue,1c933cdc56fa604462e63e0cb55daf1921b36de0bda4d43075aba9039fda6454,KEEP_CANONICAL,candidate_core_i007_03,Core3,30,blue,1c933cdc56fa604462e63e0cb55daf1921b36de0bda4d43075aba9039fda6454,Task-start semantic hash retained exactly.
I007,candidate_core_i007_04,Core4,40,purple,8719987a389b76e21171e638db87737faf351d687a4f9c1e3b5be7da95d03ec7,SUPERSEDED_EXPANSION_DRIFT,,,,,,No canonical target; never mapped or merged into Ultimate.
I007,candidate_core_i007_ultimate,Ultimate,40,orange,0e0e30269a12a8c01408ffd79734efcf34ff60f89528d8b67256d64238165cbb,KEEP_CANONICAL,candidate_core_i007_ultimate,Ultimate,40,orange,0e0e30269a12a8c01408ffd79734efcf34ff60f89528d8b67256d64238165cbb,Task-start semantic hash retained exactly.
I008,candidate_core_i008_01,Core1,10,white,0ec7e0a05aa2a7c81b8de1118ed73ad9b76a39e0b096568d927bea2d70515297,KEEP_CANONICAL,candidate_core_i008_01,Core1,10,white,0ec7e0a05aa2a7c81b8de1118ed73ad9b76a39e0b096568d927bea2d70515297,Task-start semantic hash retained exactly.
I008,candidate_core_i008_02,Core2,20,green,1484065d18445998b8a76a52861565466c5c11750b4fbea2436107f62f57182a,KEEP_CANONICAL,candidate_core_i008_02,Core2,20,green,1484065d18445998b8a76a52861565466c5c11750b4fbea2436107f62f57182a,Task-start semantic hash retained exactly.
I008,candidate_core_i008_03,Core3,30,blue,74e594a7bcb08739ad4496bdb29f096d394f039ae7e9a5b1a46b3fdc8c7309a0,KEEP_CANONICAL,candidate_core_i008_03,Core3,30,blue,74e594a7bcb08739ad4496bdb29f096d394f039ae7e9a5b1a46b3fdc8c7309a0,Task-start semantic hash retained exactly.
I008,candidate_core_i008_04,Core4,40,purple,ab911cca4a9fc6fc18f2422c5b929bb7978b76eea2e156eddb41d9b517ff7a82,SUPERSEDED_EXPANSION_DRIFT,,,,,,No canonical target; never mapped or merged into Ultimate.
I008,candidate_core_i008_ultimate,Ultimate,40,orange,9f141f7bd725e932925a68235f5ec3f3ab5107c192029470891713a5f4f1607a,KEEP_CANONICAL,candidate_core_i008_ultimate,Ultimate,40,orange,9f141f7bd725e932925a68235f5ec3f3ab5107c192029470891713a5f4f1607a,Task-start semantic hash retained exactly.
I009,candidate_core_i009_01,Core1,10,white,f4e8ac34aa23773e8fac4ad572bee178d9d036810ea52f671cff13f0f801fea5,KEEP_CANONICAL,candidate_core_i009_01,Core1,10,white,f4e8ac34aa23773e8fac4ad572bee178d9d036810ea52f671cff13f0f801fea5,Task-start semantic hash retained exactly.
I009,candidate_core_i009_02,Core2,20,green,678ae4587dc4b5a841a62981311464595bc659ecaf05d55bb1e778994496718e,KEEP_CANONICAL,candidate_core_i009_02,Core2,20,green,678ae4587dc4b5a841a62981311464595bc659ecaf05d55bb1e778994496718e,Task-start semantic hash retained exactly.
I009,candidate_core_i009_03,Core3,30,blue,6d34d56200ae09baf07b19cd46e16317fd8dd7e1384acf28b207f234cea3fbf9,KEEP_CANONICAL,candidate_core_i009_03,Core3,30,blue,6d34d56200ae09baf07b19cd46e16317fd8dd7e1384acf28b207f234cea3fbf9,Task-start semantic hash retained exactly.
I009,candidate_core_i009_04,Core4,40,purple,a5885305af9d595d685e930211e3fafdda5c04ff03343c948073396f64a7acba,SUPERSEDED_EXPANSION_DRIFT,,,,,,No canonical target; never mapped or merged into Ultimate.
I009,candidate_core_i009_ultimate,Ultimate,40,orange,03ac5773f77db66d9e85ad7aa0fd0debbeac6654a8cd9a5919f4de67e312a3f4,KEEP_CANONICAL,candidate_core_i009_ultimate,Ultimate,40,orange,03ac5773f77db66d9e85ad7aa0fd0debbeac6654a8cd9a5919f4de67e312a3f4,Task-start semantic hash retained exactly.
I010,candidate_core_i010_01,Core1,10,white,70a5f9cde56cab0c38a3c45bdff4d79873b2f71bcd6a8eb1b192b807985c4d13,KEEP_CANONICAL,candidate_core_i010_01,Core1,10,white,70a5f9cde56cab0c38a3c45bdff4d79873b2f71bcd6a8eb1b192b807985c4d13,Task-start semantic hash retained exactly.
I010,candidate_core_i010_02,Core2,20,green,2017f0f6d4ef0e5c64a28990be00701de0b3252efbf883e2a7aae243ac47b1ec,KEEP_CANONICAL,candidate_core_i010_02,Core2,20,green,2017f0f6d4ef0e5c64a28990be00701de0b3252efbf883e2a7aae243ac47b1ec,Task-start semantic hash retained exactly.
I010,candidate_core_i010_03,Core3,30,blue,4ede7fdbf94be1a1164452f1b04a28df818c07bcad8d1a12984d32ba4c9004cb,KEEP_CANONICAL,candidate_core_i010_03,Core3,30,blue,4ede7fdbf94be1a1164452f1b04a28df818c07bcad8d1a12984d32ba4c9004cb,Task-start semantic hash retained exactly.
I010,candidate_core_i010_04,Core4,40,purple,85b288d10730b5942889321857c5ac7492d1dad7875bf7c2aff40578fcd2981c,SUPERSEDED_EXPANSION_DRIFT,,,,,,No canonical target; never mapped or merged into Ultimate.
I010,candidate_core_i010_ultimate,Ultimate,40,orange,131065eb37adc82678b24c8361e419571574fdde28793f42779511d6f63751fd,KEEP_CANONICAL,candidate_core_i010_ultimate,Ultimate,40,orange,131065eb37adc82678b24c8361e419571574fdde28793f42779511d6f63751fd,Task-start semantic hash retained exactly.
I011,candidate_core_i011_01,Core1,10,white,38d73af7f13a823d4e322da537ba9ca77adfeebeff57bec5f898027f1d7a94e0,KEEP_CANONICAL,candidate_core_i011_01,Core1,10,white,38d73af7f13a823d4e322da537ba9ca77adfeebeff57bec5f898027f1d7a94e0,Task-start semantic hash retained exactly.
I011,candidate_core_i011_02,Core2,20,green,f398fdf751cb043cc97a5d7d3511d54da159409e50df98f1317fe56045038c98,KEEP_CANONICAL,candidate_core_i011_02,Core2,20,green,f398fdf751cb043cc97a5d7d3511d54da159409e50df98f1317fe56045038c98,Task-start semantic hash retained exactly.
I011,candidate_core_i011_03,Core3,30,blue,65309c5287ef826c4a5917762fb75f9daded820071045b0ba23a770da31ea013,KEEP_CANONICAL,candidate_core_i011_03,Core3,30,blue,65309c5287ef826c4a5917762fb75f9daded820071045b0ba23a770da31ea013,Task-start semantic hash retained exactly.
I011,candidate_core_i011_04,Core4,40,purple,5bc057d297af12ef1d9eb86787afb422367e7c888654100f45e7180cdeaffdb8,SUPERSEDED_EXPANSION_DRIFT,,,,,,No canonical target; never mapped or merged into Ultimate.
I011,candidate_core_i011_ultimate,Ultimate,40,orange,a48630af856990e4814dd75abbae0de33f789f745b223bec62f8fe0ba83bf4ad,KEEP_CANONICAL,candidate_core_i011_ultimate,Ultimate,40,orange,a48630af856990e4814dd75abbae0de33f789f745b223bec62f8fe0ba83bf4ad,Task-start semantic hash retained exactly.
I012,candidate_core_i012_01,Core1,10,white,6cbdb8e365bc986299507d25852cbdc63f9e75a54d1d4a16ea4fe27bac6a7dfc,KEEP_CANONICAL,candidate_core_i012_01,Core1,10,white,6cbdb8e365bc986299507d25852cbdc63f9e75a54d1d4a16ea4fe27bac6a7dfc,Task-start semantic hash retained exactly.
I012,candidate_core_i012_02,Core2,20,green,6e7dea8ebbf0bf8a5bebf618a7d8b974bf879dbf2b62614ff453fb7b9a7faaf9,KEEP_CANONICAL,candidate_core_i012_02,Core2,20,green,6e7dea8ebbf0bf8a5bebf618a7d8b974bf879dbf2b62614ff453fb7b9a7faaf9,Task-start semantic hash retained exactly.
I012,candidate_core_i012_03,Core3,30,blue,ac55eba22d99f7a11d1f1c52d5d079e267c27a3270fdc829dd14a16b925486f4,KEEP_CANONICAL,candidate_core_i012_03,Core3,30,blue,ac55eba22d99f7a11d1f1c52d5d079e267c27a3270fdc829dd14a16b925486f4,Task-start semantic hash retained exactly.
I012,candidate_core_i012_04,Core4,40,purple,7bbc47c5862be344662c2a09c640d72685ebbcb2ec3117bdb33daf1acad286f0,SUPERSEDED_EXPANSION_DRIFT,,,,,,No canonical target; never mapped or merged into Ultimate.
I012,candidate_core_i012_ultimate,Ultimate,40,orange,ebec3d047cbfd423ef95201d8ead00c5925ac54b42b5ceca721cad99a4d2f050,KEEP_CANONICAL,candidate_core_i012_ultimate,Ultimate,40,orange,ebec3d047cbfd423ef95201d8ead00c5925ac54b42b5ceca721cad99a4d2f050,Task-start semantic hash retained exactly.
I013,candidate_core_i013_01,Core1,10,white,1aa02c501548bc714503069f6e1c2cbfde18b005be650ea01d78167cffa03cc7,KEEP_CANONICAL,candidate_core_i013_01,Core1,10,white,1aa02c501548bc714503069f6e1c2cbfde18b005be650ea01d78167cffa03cc7,Task-start semantic hash retained exactly.
I013,candidate_core_i013_02,Core2,20,green,e77ad1e24a03b547fd26cab14bff8651a01e6d1c24e955af049f25e56f3bf491,KEEP_CANONICAL,candidate_core_i013_02,Core2,20,green,e77ad1e24a03b547fd26cab14bff8651a01e6d1c24e955af049f25e56f3bf491,Task-start semantic hash retained exactly.
I013,candidate_core_i013_03,Core3,30,blue,a8b7c1066d7d4a4d045a0dde5785698c13d79b6043a1009d33c5045acbb05a6a,KEEP_CANONICAL,candidate_core_i013_03,Core3,30,blue,a8b7c1066d7d4a4d045a0dde5785698c13d79b6043a1009d33c5045acbb05a6a,Task-start semantic hash retained exactly.
I013,candidate_core_i013_04,Core4,40,purple,6ab9e046b592856e47901eb046721cfd9d530443c6b9edad05bd10efb2b4c896,SUPERSEDED_EXPANSION_DRIFT,,,,,,No canonical target; never mapped or merged into Ultimate.
I013,candidate_core_i013_ultimate,Ultimate,40,orange,07cd3f3da7c0f7452e51a780270feb6b8cc27f06deafcf18818323b09ff52b6b,KEEP_CANONICAL,candidate_core_i013_ultimate,Ultimate,40,orange,07cd3f3da7c0f7452e51a780270feb6b8cc27f06deafcf18818323b09ff52b6b,Task-start semantic hash retained exactly.
I014,candidate_core_i014_01,Core1,10,white,6d25328fcbece4450b03f91cb518b281bc45c1276fd9af0a63c411ec3323d64b,KEEP_CANONICAL,candidate_core_i014_01,Core1,10,white,6d25328fcbece4450b03f91cb518b281bc45c1276fd9af0a63c411ec3323d64b,Task-start semantic hash retained exactly.
I014,candidate_core_i014_02,Core2,20,green,23a8012aa9e034e2f9855a98829cc3033204bffb8dc12d6f4c878bb40c3eb425,KEEP_CANONICAL,candidate_core_i014_02,Core2,20,green,23a8012aa9e034e2f9855a98829cc3033204bffb8dc12d6f4c878bb40c3eb425,Task-start semantic hash retained exactly.
I014,candidate_core_i014_03,Core3,30,blue,f63a8a657507a2706b3fdcbb7a5505e9dd0ffe49fff816b9638d63a65e015861,KEEP_CANONICAL,candidate_core_i014_03,Core3,30,blue,f63a8a657507a2706b3fdcbb7a5505e9dd0ffe49fff816b9638d63a65e015861,Task-start semantic hash retained exactly.
I014,candidate_core_i014_04,Core4,40,purple,5979ca6ba985d53be9856b514eee1e8798412a98c1def65873c6b10fbbaeeeef,SUPERSEDED_EXPANSION_DRIFT,,,,,,No canonical target; never mapped or merged into Ultimate.
I014,candidate_core_i014_ultimate,Ultimate,40,orange,fc1cceb76f74d74fc7c8fd3c7c25ba0659f5fd4c8894a37287de472fab152db7,KEEP_CANONICAL,candidate_core_i014_ultimate,Ultimate,40,orange,fc1cceb76f74d74fc7c8fd3c7c25ba0659f5fd4c8894a37287de472fab152db7,Task-start semantic hash retained exactly.
I015,candidate_core_i015_01,Core1,10,white,c7c314699eaa7766fc06306d255badf87875e7a98abe2346871f66a69474eeb4,KEEP_CANONICAL,candidate_core_i015_01,Core1,10,white,c7c314699eaa7766fc06306d255badf87875e7a98abe2346871f66a69474eeb4,Task-start semantic hash retained exactly.
I015,candidate_core_i015_02,Core2,20,green,15d0e3930f7e1780e0a1d11e818bc43cc11fbdb6af34226ed9062d54234d943b,KEEP_CANONICAL,candidate_core_i015_02,Core2,20,green,15d0e3930f7e1780e0a1d11e818bc43cc11fbdb6af34226ed9062d54234d943b,Task-start semantic hash retained exactly.
I015,candidate_core_i015_03,Core3,30,blue,c6ab5ae4d9d5fac3fa7b97f65c8e1acf77d7f09f70397850c13af9da45b8dc26,KEEP_CANONICAL,candidate_core_i015_03,Core3,30,blue,c6ab5ae4d9d5fac3fa7b97f65c8e1acf77d7f09f70397850c13af9da45b8dc26,Task-start semantic hash retained exactly.
I015,candidate_core_i015_04,Core4,40,purple,dd9234d7367e6eca377b9675774348cc859dae3679b9cb006574e73a9ad0a9eb,SUPERSEDED_EXPANSION_DRIFT,,,,,,No canonical target; never mapped or merged into Ultimate.
I015,candidate_core_i015_ultimate,Ultimate,40,orange,12bdd810feeeaccb29b869aff61ed9cadada901b30e1c8c625203567a0999ae0,KEEP_CANONICAL,candidate_core_i015_ultimate,Ultimate,40,orange,12bdd810feeeaccb29b869aff61ed9cadada901b30e1c8c625203567a0999ae0,Task-start semantic hash retained exactly.
I016,candidate_core_i016_01,Core1,10,white,550f62a4f36e540311411b76202708664b4e710d3b0b15dd91e577d21aab0c7b,KEEP_CANONICAL,candidate_core_i016_01,Core1,10,white,550f62a4f36e540311411b76202708664b4e710d3b0b15dd91e577d21aab0c7b,Task-start semantic hash retained exactly.
I016,candidate_core_i016_02,Core2,20,green,c8b6ee97acc9380d67587a0653caaa827942323ba5ef2248d4a76659373bf1e4,KEEP_CANONICAL,candidate_core_i016_02,Core2,20,green,c8b6ee97acc9380d67587a0653caaa827942323ba5ef2248d4a76659373bf1e4,Task-start semantic hash retained exactly.
I016,candidate_core_i016_03,Core3,30,blue,acca356646f3abf5713dc66675305f0c8488691bc58b8a8f041db07961fe2bde,KEEP_CANONICAL,candidate_core_i016_03,Core3,30,blue,acca356646f3abf5713dc66675305f0c8488691bc58b8a8f041db07961fe2bde,Task-start semantic hash retained exactly.
I016,candidate_core_i016_04,Core4,40,purple,7583d08fd6031e541100e65e1276188fae40674264b3914134e91fe294feaba1,SUPERSEDED_EXPANSION_DRIFT,,,,,,No canonical target; never mapped or merged into Ultimate.
I016,candidate_core_i016_ultimate,Ultimate,40,orange,80259f5bfd0ecb194e0b6cdb008a7dd9bedcc00a9b434ee2693b01a8e9cb4a1e,KEEP_CANONICAL,candidate_core_i016_ultimate,Ultimate,40,orange,80259f5bfd0ecb194e0b6cdb008a7dd9bedcc00a9b434ee2693b01a8e9cb4a1e,Task-start semantic hash retained exactly.
I017,candidate_core_i017_01,Core1,10,white,3c2b678d51dccb42a5a40c1571c408dd67301afe825461ee130d24f03a02fa5e,KEEP_CANONICAL,candidate_core_i017_01,Core1,10,white,3c2b678d51dccb42a5a40c1571c408dd67301afe825461ee130d24f03a02fa5e,Task-start semantic hash retained exactly.
I017,candidate_core_i017_02,Core2,20,green,6d2d907015b72f767127d770f7d69d9a88bbdb003a027231c7858331250f5a25,KEEP_CANONICAL,candidate_core_i017_02,Core2,20,green,6d2d907015b72f767127d770f7d69d9a88bbdb003a027231c7858331250f5a25,Task-start semantic hash retained exactly.
I017,candidate_core_i017_03,Core3,30,blue,8eb07ae637f74632f4e6bbe52fba00a70a54c69801a23a65f3180603cc38565a,KEEP_CANONICAL,candidate_core_i017_03,Core3,30,blue,8eb07ae637f74632f4e6bbe52fba00a70a54c69801a23a65f3180603cc38565a,Task-start semantic hash retained exactly.
I017,candidate_core_i017_04,Core4,40,purple,353cee8824ae3eb03c5e0936d8c1b5c3229dfe6acc5702efec3cd0c2e5e96610,SUPERSEDED_EXPANSION_DRIFT,,,,,,No canonical target; never mapped or merged into Ultimate.
I017,candidate_core_i017_ultimate,Ultimate,40,orange,da3c3a595de41f47659528a165d881dc08fd7cc9576ff78b639d68f4582b4c60,KEEP_CANONICAL,candidate_core_i017_ultimate,Ultimate,40,orange,da3c3a595de41f47659528a165d881dc08fd7cc9576ff78b639d68f4582b4c60,Task-start semantic hash retained exactly.
I018,candidate_core_i018_01,Core1,10,white,6e1aeca8818a8fd136b873391c5b2cf8f1040293193f13340587a119871499f8,KEEP_CANONICAL,candidate_core_i018_01,Core1,10,white,6e1aeca8818a8fd136b873391c5b2cf8f1040293193f13340587a119871499f8,Task-start semantic hash retained exactly.
I018,candidate_core_i018_02,Core2,20,green,0602666735adb990f855f314c1585776a7bf540a147b449d219e6a92d8b67880,KEEP_CANONICAL,candidate_core_i018_02,Core2,20,green,0602666735adb990f855f314c1585776a7bf540a147b449d219e6a92d8b67880,Task-start semantic hash retained exactly.
I018,candidate_core_i018_03,Core3,30,blue,e09797d34b308bb5bce417254e8b4a55f8529fdc28fc0922c6a129f5f57cca18,KEEP_CANONICAL,candidate_core_i018_03,Core3,30,blue,e09797d34b308bb5bce417254e8b4a55f8529fdc28fc0922c6a129f5f57cca18,Task-start semantic hash retained exactly.
I018,candidate_core_i018_04,Core4,40,purple,5c9cfbd4d8e2e106b68bf9fb6756e42611d333974dd75581d7b7043b642f6ba6,SUPERSEDED_EXPANSION_DRIFT,,,,,,No canonical target; never mapped or merged into Ultimate.
I018,candidate_core_i018_ultimate,Ultimate,40,orange,84f1f682e9691b52403d38636375df1c4bc5f9b7318f250b5c1720ce1aa55c5a,KEEP_CANONICAL,candidate_core_i018_ultimate,Ultimate,40,orange,84f1f682e9691b52403d38636375df1c4bc5f9b7318f250b5c1720ce1aa55c5a,Task-start semantic hash retained exactly.
I019,candidate_core_i019_01,Core1,10,white,bdd8f876d52301896b6161bd67e0a0b70c26cfa7cf677fa632ba96d7b47105c6,KEEP_CANONICAL,candidate_core_i019_01,Core1,10,white,bdd8f876d52301896b6161bd67e0a0b70c26cfa7cf677fa632ba96d7b47105c6,Task-start semantic hash retained exactly.
I019,candidate_core_i019_02,Core2,20,green,177b960b0e97e0e2365eaad34eb0e89cf893029725511a4e41348da899d19492,KEEP_CANONICAL,candidate_core_i019_02,Core2,20,green,177b960b0e97e0e2365eaad34eb0e89cf893029725511a4e41348da899d19492,Task-start semantic hash retained exactly.
I019,candidate_core_i019_03,Core3,30,blue,f2d931b4b6ae9cfa937ca4ebae5326ab45e454e0aadcffecee1e62544080bfbe,KEEP_CANONICAL,candidate_core_i019_03,Core3,30,blue,f2d931b4b6ae9cfa937ca4ebae5326ab45e454e0aadcffecee1e62544080bfbe,Task-start semantic hash retained exactly.
I019,candidate_core_i019_04,Core4,40,purple,e13cc1e87d4f952b154a9509c5339eddc52149f2bd341cbd23b2edc82ba04df2,SUPERSEDED_EXPANSION_DRIFT,,,,,,No canonical target; never mapped or merged into Ultimate.
I019,candidate_core_i019_ultimate,Ultimate,40,orange,e49c5cc9055b769dcbbfbcc0f50dbf0522d1165726d3e64786ff4b560027dad1,KEEP_CANONICAL,candidate_core_i019_ultimate,Ultimate,40,orange,e49c5cc9055b769dcbbfbcc0f50dbf0522d1165726d3e64786ff4b560027dad1,Task-start semantic hash retained exactly.
I020,candidate_core_i020_01,Core1,10,white,b6a83562bd500a58f5f718a898cfb8e548bcbf8fc502f38038594c2d18af4b35,KEEP_CANONICAL,candidate_core_i020_01,Core1,10,white,b6a83562bd500a58f5f718a898cfb8e548bcbf8fc502f38038594c2d18af4b35,Task-start semantic hash retained exactly.
I020,candidate_core_i020_02,Core2,20,green,f7b18a298e8b82fb4b4fca4d7f7c93570510456c6b953559115fee2df527198e,KEEP_CANONICAL,candidate_core_i020_02,Core2,20,green,f7b18a298e8b82fb4b4fca4d7f7c93570510456c6b953559115fee2df527198e,Task-start semantic hash retained exactly.
I020,candidate_core_i020_03,Core3,30,blue,dd07d74a9e456246dc6fdf6dc7a5d902ca4585c3954aabfa04d55cd0acdbfbfd,KEEP_CANONICAL,candidate_core_i020_03,Core3,30,blue,dd07d74a9e456246dc6fdf6dc7a5d902ca4585c3954aabfa04d55cd0acdbfbfd,Task-start semantic hash retained exactly.
I020,candidate_core_i020_04,Core4,40,purple,d2fa40e5f4490d1255cd5a1a941f4ec6ee96e4c714c1c23756e7689264002db1,SUPERSEDED_EXPANSION_DRIFT,,,,,,No canonical target; never mapped or merged into Ultimate.
I020,candidate_core_i020_ultimate,Ultimate,40,orange,9646a4c57a03bfa0009a4d462e604cdc4f3d3aa07c59d88d1cc698a931c2cd72,KEEP_CANONICAL,candidate_core_i020_ultimate,Ultimate,40,orange,9646a4c57a03bfa0009a4d462e604cdc4f3d3aa07c59d88d1cc698a931c2cd72,Task-start semantic hash retained exactly.
I021,candidate_core_i021_01,Core1,10,white,9fb6892ecd1fe80e409b726d2fdba9630f6ef727d1f38d9c60651cc7e6254ba5,KEEP_CANONICAL,candidate_core_i021_01,Core1,10,white,9fb6892ecd1fe80e409b726d2fdba9630f6ef727d1f38d9c60651cc7e6254ba5,Task-start semantic hash retained exactly.
I021,candidate_core_i021_02,Core2,20,green,07da073970819577d928b2ca50999a9c97f607a75e8b9b286d551b89a918527a,KEEP_CANONICAL,candidate_core_i021_02,Core2,20,green,07da073970819577d928b2ca50999a9c97f607a75e8b9b286d551b89a918527a,Task-start semantic hash retained exactly.
I021,candidate_core_i021_03,Core3,30,blue,7b360ca4640f05cee18208d285f3c0b5bec1502d1062552081422188e601c3d0,KEEP_CANONICAL,candidate_core_i021_03,Core3,30,blue,7b360ca4640f05cee18208d285f3c0b5bec1502d1062552081422188e601c3d0,Task-start semantic hash retained exactly.
I021,candidate_core_i021_04,Core4,40,purple,604416a3318349efc88f7c0fb94625a00d7498c117cd80453fb4781a9b7a3384,SUPERSEDED_EXPANSION_DRIFT,,,,,,No canonical target; never mapped or merged into Ultimate.
I021,candidate_core_i021_ultimate,Ultimate,40,orange,bcd72793f1a93b69369ede4d9e660fc0ab59b405d8057fd71c4e8dcc05969fac,KEEP_CANONICAL,candidate_core_i021_ultimate,Ultimate,40,orange,bcd72793f1a93b69369ede4d9e660fc0ab59b405d8057fd71c4e8dcc05969fac,Task-start semantic hash retained exactly.
I022,candidate_core_i022_01,Core1,10,white,80ddf58de3541426ed9531cf2c2f345aaa7006f2175ba99172c06ad2530fad46,KEEP_CANONICAL,candidate_core_i022_01,Core1,10,white,80ddf58de3541426ed9531cf2c2f345aaa7006f2175ba99172c06ad2530fad46,Task-start semantic hash retained exactly.
I022,candidate_core_i022_02,Core2,20,green,999bbabe6a2577fec0a83965b4e39a93aa802f1625cfeb981262e5a4ba8a9366,KEEP_CANONICAL,candidate_core_i022_02,Core2,20,green,999bbabe6a2577fec0a83965b4e39a93aa802f1625cfeb981262e5a4ba8a9366,Task-start semantic hash retained exactly.
I022,candidate_core_i022_03,Core3,30,blue,21b5188442bed0c448ae001a43a378306bf7f0d4538f947ee1202e1e5a2ae2c1,KEEP_CANONICAL,candidate_core_i022_03,Core3,30,blue,21b5188442bed0c448ae001a43a378306bf7f0d4538f947ee1202e1e5a2ae2c1,Task-start semantic hash retained exactly.
I022,candidate_core_i022_04,Core4,40,purple,27d057fccf75c54db25eeb77955f1287739d610c8fe6e2dc8da001e31a842b3e,SUPERSEDED_EXPANSION_DRIFT,,,,,,No canonical target; never mapped or merged into Ultimate.
I022,candidate_core_i022_ultimate,Ultimate,40,orange,b6f2e079a66c593571673532bba9d2e201a838810a5726efb1c6b94396e1f239,KEEP_CANONICAL,candidate_core_i022_ultimate,Ultimate,40,orange,b6f2e079a66c593571673532bba9d2e201a838810a5726efb1c6b94396e1f239,Task-start semantic hash retained exactly.
I023,candidate_core_i023_01,Core1,10,white,52cd45c0359a7e01f80bd5168154854b33f4f87076ae93e962462782ae2f34f4,KEEP_CANONICAL,candidate_core_i023_01,Core1,10,white,52cd45c0359a7e01f80bd5168154854b33f4f87076ae93e962462782ae2f34f4,Task-start semantic hash retained exactly.
I023,candidate_core_i023_02,Core2,20,green,667e307c461bdfde4fe6007ad1790a0ef222acd1c0848aab54a74f6bafd903b5,KEEP_CANONICAL,candidate_core_i023_02,Core2,20,green,667e307c461bdfde4fe6007ad1790a0ef222acd1c0848aab54a74f6bafd903b5,Task-start semantic hash retained exactly.
I023,candidate_core_i023_03,Core3,30,blue,1eca1c05818ada6ab40ff9716833c181dcce0e518bb2cc5e6bdc269d6e4b8a74,KEEP_CANONICAL,candidate_core_i023_03,Core3,30,blue,1eca1c05818ada6ab40ff9716833c181dcce0e518bb2cc5e6bdc269d6e4b8a74,Task-start semantic hash retained exactly.
I023,candidate_core_i023_04,Core4,40,purple,f4e963145955e68bffa39d356388b067f2ba72312c0e5c986e46dbe018dba9f6,SUPERSEDED_EXPANSION_DRIFT,,,,,,No canonical target; never mapped or merged into Ultimate.
I023,candidate_core_i023_ultimate,Ultimate,40,orange,4cc0e7a18015cadccc7b65290d51d56f79f057a599acc38f7db272d3b5e5accd,KEEP_CANONICAL,candidate_core_i023_ultimate,Ultimate,40,orange,4cc0e7a18015cadccc7b65290d51d56f79f057a599acc38f7db272d3b5e5accd,Task-start semantic hash retained exactly.
I024,candidate_core_i024_01,Core1,10,white,c81d8110c3551c75ec34eb1cbf0e243c028c9b0e467cff9d1a6acb705f9552a3,KEEP_CANONICAL,candidate_core_i024_01,Core1,10,white,c81d8110c3551c75ec34eb1cbf0e243c028c9b0e467cff9d1a6acb705f9552a3,Task-start semantic hash retained exactly.
I024,candidate_core_i024_02,Core2,20,green,09b9e84a37a40a776c70ed58ad4787f46083bcdd2d8b305f0296eb0663199b87,KEEP_CANONICAL,candidate_core_i024_02,Core2,20,green,09b9e84a37a40a776c70ed58ad4787f46083bcdd2d8b305f0296eb0663199b87,Task-start semantic hash retained exactly.
I024,candidate_core_i024_03,Core3,30,blue,8e79a08ed48b8b733b1ba4beac999716d994029ab1987e4ed155e0cb84687ea1,KEEP_CANONICAL,candidate_core_i024_03,Core3,30,blue,8e79a08ed48b8b733b1ba4beac999716d994029ab1987e4ed155e0cb84687ea1,Task-start semantic hash retained exactly.
I024,candidate_core_i024_04,Core4,40,purple,34bf917d9e92698bf1dc51322acf5c605f8177d671cd6967a0b1af79421e583f,SUPERSEDED_EXPANSION_DRIFT,,,,,,No canonical target; never mapped or merged into Ultimate.
I024,candidate_core_i024_ultimate,Ultimate,40,orange,a32c37e33f1a22088d6d42c9b8e8f3f9423f9ce24475642c0b725a5a8c56e186,KEEP_CANONICAL,candidate_core_i024_ultimate,Ultimate,40,orange,a32c37e33f1a22088d6d42c9b8e8f3f9423f9ce24475642c0b725a5a8c56e186,Task-start semantic hash retained exactly.
I025,candidate_core_i025_01,Core1,10,white,e14f1c566d12a04bcddd6a6b7ef3ca1fb0470272e96530e2d52323b3cbf74215,KEEP_CANONICAL,candidate_core_i025_01,Core1,10,white,e14f1c566d12a04bcddd6a6b7ef3ca1fb0470272e96530e2d52323b3cbf74215,Task-start semantic hash retained exactly.
I025,candidate_core_i025_02,Core2,20,green,8ee6906947fed290ff48d82036266ea39cc01b0b49f8550e771e7a2d88b6f3ad,KEEP_CANONICAL,candidate_core_i025_02,Core2,20,green,8ee6906947fed290ff48d82036266ea39cc01b0b49f8550e771e7a2d88b6f3ad,Task-start semantic hash retained exactly.
I025,candidate_core_i025_03,Core3,30,blue,601b4b5ee6d9056daaa0c0a23a4e1cd9d240bf26357e20baea0a92cb33b0f730,KEEP_CANONICAL,candidate_core_i025_03,Core3,30,blue,601b4b5ee6d9056daaa0c0a23a4e1cd9d240bf26357e20baea0a92cb33b0f730,Task-start semantic hash retained exactly.
I025,candidate_core_i025_04,Core4,40,purple,d30e95a9e4b6ca99f7ef62c056a8e8b91d2d567a2199e960b00471914711df2d,SUPERSEDED_EXPANSION_DRIFT,,,,,,No canonical target; never mapped or merged into Ultimate.
I025,candidate_core_i025_ultimate,Ultimate,40,orange,dbc849a8160be8ca9cc535da5878a157699fe1b211fda32643b743bf04ff7614,KEEP_CANONICAL,candidate_core_i025_ultimate,Ultimate,40,orange,dbc849a8160be8ca9cc535da5878a157699fe1b211fda32643b743bf04ff7614,Task-start semantic hash retained exactly.
I026,candidate_core_i026_01,Core1,10,white,cec76c017f56eaf5e51d684b35434e0b854972bf4dff0896ed64a2fb1dfe63fe,KEEP_CANONICAL,candidate_core_i026_01,Core1,10,white,cec76c017f56eaf5e51d684b35434e0b854972bf4dff0896ed64a2fb1dfe63fe,Task-start semantic hash retained exactly.
I026,candidate_core_i026_02,Core2,20,green,683a89a8cedf0b1c3d49ac0ebd9704d6f8c81fb5246973d0a336b248f6f247de,KEEP_CANONICAL,candidate_core_i026_02,Core2,20,green,683a89a8cedf0b1c3d49ac0ebd9704d6f8c81fb5246973d0a336b248f6f247de,Task-start semantic hash retained exactly.
I026,candidate_core_i026_03,Core3,30,blue,9c9b471c9c328424849ac42630018e6614a48b813f571932beb16751fb8f3775,KEEP_CANONICAL,candidate_core_i026_03,Core3,30,blue,9c9b471c9c328424849ac42630018e6614a48b813f571932beb16751fb8f3775,Task-start semantic hash retained exactly.
I026,candidate_core_i026_04,Core4,40,purple,0bda6505f627855373e66b211cbf1caa3ef18bac49822659e1afa6c654e393f7,SUPERSEDED_EXPANSION_DRIFT,,,,,,No canonical target; never mapped or merged into Ultimate.
I026,candidate_core_i026_ultimate,Ultimate,40,orange,fc4402bc93cb15795f1bed808d8d2840d300a85fa128ff0abc5278299bbf53ef,KEEP_CANONICAL,candidate_core_i026_ultimate,Ultimate,40,orange,fc4402bc93cb15795f1bed808d8d2840d300a85fa128ff0abc5278299bbf53ef,Task-start semantic hash retained exactly.
I027,candidate_core_i027_01,Core1,10,white,f0e862b682266ecb337d5f77a09571fb790dc8dc9d5c4178e5ad0065c2afd2c2,KEEP_CANONICAL,candidate_core_i027_01,Core1,10,white,f0e862b682266ecb337d5f77a09571fb790dc8dc9d5c4178e5ad0065c2afd2c2,Task-start semantic hash retained exactly.
I027,candidate_core_i027_02,Core2,20,green,32d44e35afbe424eca157f9b66a6d7ca373bec17f9751f34f69395176671fa39,KEEP_CANONICAL,candidate_core_i027_02,Core2,20,green,32d44e35afbe424eca157f9b66a6d7ca373bec17f9751f34f69395176671fa39,Task-start semantic hash retained exactly.
I027,candidate_core_i027_03,Core3,30,blue,c7e7b26661304d14547abb54e21efabdd3b6dc65c90df07b6d2c004975db9fc0,KEEP_CANONICAL,candidate_core_i027_03,Core3,30,blue,c7e7b26661304d14547abb54e21efabdd3b6dc65c90df07b6d2c004975db9fc0,Task-start semantic hash retained exactly.
I027,candidate_core_i027_04,Core4,40,purple,0058d9b985bd6531be558242c9ad13c3ccd27416de1054d92e339f13f5f8ac66,SUPERSEDED_EXPANSION_DRIFT,,,,,,No canonical target; never mapped or merged into Ultimate.
I027,candidate_core_i027_ultimate,Ultimate,40,orange,6d06fabccf9db9d85a7b9c046e375f9bea517f19218965a5e1f0840fc1608536,KEEP_CANONICAL,candidate_core_i027_ultimate,Ultimate,40,orange,6d06fabccf9db9d85a7b9c046e375f9bea517f19218965a5e1f0840fc1608536,Task-start semantic hash retained exactly.
I028,candidate_core_i028_01,Core1,10,white,d1d4b85a85a1172c9b1309e5e8e89974bd10827d0ec5359cc4414aca13624dbd,KEEP_CANONICAL,candidate_core_i028_01,Core1,10,white,d1d4b85a85a1172c9b1309e5e8e89974bd10827d0ec5359cc4414aca13624dbd,Task-start semantic hash retained exactly.
I028,candidate_core_i028_02,Core2,20,green,c38f4d5e12b9729973b3b370840a393c011cd9388c4efe35d54e5ddbc03659d3,KEEP_CANONICAL,candidate_core_i028_02,Core2,20,green,c38f4d5e12b9729973b3b370840a393c011cd9388c4efe35d54e5ddbc03659d3,Task-start semantic hash retained exactly.
I028,candidate_core_i028_03,Core3,30,blue,efb20c114c82dfe2eb6ffcb3e1782578114b40b4afaaa10969daf88e37ecf18d,KEEP_CANONICAL,candidate_core_i028_03,Core3,30,blue,efb20c114c82dfe2eb6ffcb3e1782578114b40b4afaaa10969daf88e37ecf18d,Task-start semantic hash retained exactly.
I028,candidate_core_i028_04,Core4,40,purple,ed2b9c559cf44b1ce730c58a451e6f300c330b7215e1ef33783e731f5403e94b,SUPERSEDED_EXPANSION_DRIFT,,,,,,No canonical target; never mapped or merged into Ultimate.
I028,candidate_core_i028_ultimate,Ultimate,40,orange,52a65f6e84c51ee0134f95744d94778f7b3711b41fcc98bade378aed71f84bfc,KEEP_CANONICAL,candidate_core_i028_ultimate,Ultimate,40,orange,52a65f6e84c51ee0134f95744d94778f7b3711b41fcc98bade378aed71f84bfc,Task-start semantic hash retained exactly.
I029,candidate_core_i029_01,Core1,10,white,df74a146c9cf5b9d179796b4f98a9865a836e59cdef67df81ff6d646c689eb80,KEEP_CANONICAL,candidate_core_i029_01,Core1,10,white,df74a146c9cf5b9d179796b4f98a9865a836e59cdef67df81ff6d646c689eb80,Task-start semantic hash retained exactly.
I029,candidate_core_i029_02,Core2,20,green,4d55ef700430697e71405d14db24c713ad251352a60baef8c34d67293a907fae,KEEP_CANONICAL,candidate_core_i029_02,Core2,20,green,4d55ef700430697e71405d14db24c713ad251352a60baef8c34d67293a907fae,Task-start semantic hash retained exactly.
I029,candidate_core_i029_03,Core3,30,blue,52061135da571915f7dd2b1f156af4098e011342598d81637ad2c72b67fba7bd,KEEP_CANONICAL,candidate_core_i029_03,Core3,30,blue,52061135da571915f7dd2b1f156af4098e011342598d81637ad2c72b67fba7bd,Task-start semantic hash retained exactly.
I029,candidate_core_i029_04,Core4,40,purple,d8351baa19cb97d14f0eba4d2c0bc8d19fe76b5abdd5820ddc0873dfb63a4910,SUPERSEDED_EXPANSION_DRIFT,,,,,,No canonical target; never mapped or merged into Ultimate.
I029,candidate_core_i029_ultimate,Ultimate,40,orange,741938ef5891c213760fe8cf70ef1c2633c1d65b5ad2d8fd4d862b17df003e28,KEEP_CANONICAL,candidate_core_i029_ultimate,Ultimate,40,orange,741938ef5891c213760fe8cf70ef1c2633c1d65b5ad2d8fd4d862b17df003e28,Task-start semantic hash retained exactly.
I030,candidate_core_i030_01,Core1,10,white,5d72a1bff66d64a010bd71237a053117882159f764084ba0346dcc763818c32f,KEEP_CANONICAL,candidate_core_i030_01,Core1,10,white,5d72a1bff66d64a010bd71237a053117882159f764084ba0346dcc763818c32f,Task-start semantic hash retained exactly.
I030,candidate_core_i030_02,Core2,20,green,710e5370696f6bd168d4e6e1656e7aada7118a2f2316850c45fd961f816e9ada,KEEP_CANONICAL,candidate_core_i030_02,Core2,20,green,710e5370696f6bd168d4e6e1656e7aada7118a2f2316850c45fd961f816e9ada,Task-start semantic hash retained exactly.
I030,candidate_core_i030_03,Core3,30,blue,590ebf927bf3050a17aaa7982366964774ba8e2c05b6cfca24418907d1594a8a,KEEP_CANONICAL,candidate_core_i030_03,Core3,30,blue,590ebf927bf3050a17aaa7982366964774ba8e2c05b6cfca24418907d1594a8a,Task-start semantic hash retained exactly.
I030,candidate_core_i030_04,Core4,40,purple,90f73d73348a789c1d3d7343f1a8dc92cadd524a7aa3d7a088e3992c061b79b4,SUPERSEDED_EXPANSION_DRIFT,,,,,,No canonical target; never mapped or merged into Ultimate.
I030,candidate_core_i030_ultimate,Ultimate,40,orange,62ccfb56dc07409c9ea1c1c19424292c7fa0b42e3caa4f40a9f80dd4d1478035,KEEP_CANONICAL,candidate_core_i030_ultimate,Ultimate,40,orange,62ccfb56dc07409c9ea1c1c19424292c7fa0b42e3caa4f40a9f80dd4d1478035,Task-start semantic hash retained exactly.
