"rowId","battleTick","rowKind","applicationEventId","applicationSequence","nominalPulseMagnitude","shellDamageApplied","hpDamageApplied","lifecycle","currentHp","shellLayerIndex","currentShell","basicEarned","basicResolved","pendingThresholdCount","latestCue","accepted","rejectionReason"
"NOM-001","1500","BattleApplication","nominal.application.001","1","29","29","0","LayeredShellOn","980","1","171","0","0","0","ShellHit","true",""
"NOM-002","3000","BattleApplication","nominal.application.002","2","42","42","0","LayeredShellOn","980","1","129","0","0","0","ShellHit","true",""
"NOM-003","4500","BattleApplication","nominal.application.003","3","53","53","0","LayeredShellOn","980","1","76","0","0","0","ShellHit","true",""
"NOM-004","6000","BattleApplication","nominal.application.004","4","46","46","0","LayeredShellOn","980","1","30","1","0","0","ShellHit","true",""
"NOM-005","7500","BattleApplication","nominal.application.005","5","55","30","25","CoreExposed","955","1","0","1","1","0","Hit","true",""
"NOM-006","9000","BattleApplication","nominal.application.006","6","76","0","76","CoreExposed","879","1","0","1","1","1","Hit","true",""
"NOM-007","10500","BattleApplication","nominal.application.007","7","29","0","29","CoreExposed","850","1","0","1","1","1","Hit","true",""
"NOM-008","12000","BattleApplication","nominal.application.008","8","42","0","42","CoreExposed","808","1","0","2","1","1","Hit","true",""
"NOM-009","15000","BattleApplication","nominal.application.009","9","53","53","0","LayeredShellOn","808","2","147","2","2","1","ShellHit","true",""
"NOM-010","16500","BattleApplication","nominal.application.010","10","46","46","0","LayeredShellOn","808","2","131","2","2","0","ShellHit","true",""
"NOM-011","18000","BattleApplication","nominal.application.011","11","55","55","0","LayeredShellOn","808","2","76","2","2","0","ShellHit","true",""
"NOM-012","18000","BattleApplication","nominal.application.012","12","76","76","0","CoreExposed","808","2","0","3","2","0","CoreExpose","true",""
"NOM-013","19500","BattleApplication","nominal.application.013","13","29","0","29","CoreExposed","779","2","0","3","3","0","Hit","true",""
"NOM-014","21000","BattleApplication","nominal.application.014","14","42","0","42","CoreExposed","737","2","0","3","3","0","Hit","true",""
"NOM-015","22500","BattleApplication","nominal.application.015","15","53","0","53","CoreExposed","684","2","0","3","3","1","Hit","true",""
"NOM-016","25500","BattleApplication","nominal.application.016","16","46","46","0","LayeredShellOn","684","3","154","4","3","1","ShellHit","true",""
"NOM-017","26500","BattleApplication","nominal.application.017","17","55","55","0","LayeredShellOn","684","3","99","4","3","0","ShellHit","true",""
"NOM-018","27500","BattleApplication","nominal.application.018","18","76","76","0","LayeredShellOn","684","3","23","4","4","0","ShellHit","true",""
"NOM-019","28500","BattleApplication","nominal.application.019","19","29","23","6","CoreExposed","678","3","0","4","4","0","Hit","true",""
"NOM-020","30000","BattleApplication","nominal.application.020","20","42","0","42","CoreExposed","636","3","0","5","4","0","Hit","true",""
"NOM-021","31500","BattleApplication","nominal.application.021","21","53","0","53","CoreExposed","583","3","0","5","5","1","Hit","true",""
"NOM-022","33000","BattleApplication","nominal.application.022","22","46","0","46","CoreExposed","537","3","0","5","5","1","Hit","true",""
"NOM-023","35500","BattleApplication","nominal.application.023","23","55","55","0","LayeredShellOn","537","4","145","5","5","1","ShellHit","true",""
"NOM-024","36500","BattleApplication","nominal.application.024","24","76","76","0","LayeredShellOn","537","4","69","6","5","1","ShellHit","true",""
"NOM-025","37500","BattleApplication","nominal.application.025","25","29","29","0","LayeredShellOn","537","4","40","6","5","0","ShellHit","true",""
"NOM-026","39000","BattleApplication","nominal.application.026","26","42","40","2","CoreExposed","535","4","0","6","6","0","Hit","true",""
"NOM-027","40500","BattleApplication","nominal.application.027","27","53","0","53","CoreExposed","482","4","0","6","6","0","Hit","true",""
"NOM-028","42000","BattleApplication","nominal.application.028","28","46","0","46","CoreExposed","436","4","0","7","6","1","Hit","true",""
"NOM-029","43500","BattleApplication","nominal.application.029","29","55","0","55","CoreExposed","381","4","0","7","7","1","Hit","true",""
"NOM-030","46500","BattleApplication","nominal.application.030","30","76","76","0","LayeredShellOn","381","5","124","7","7","1","ShellHit","true",""
"NOM-031","48000","BattleApplication","nominal.application.031","31","29","29","0","LayeredShellOn","381","5","125","7","7","0","ShellHit","true",""
"NOM-032","49500","BattleApplication","nominal.application.032","32","42","42","0","LayeredShellOn","381","5","83","8","7","0","ShellHit","true",""
"NOM-033","51000","BattleApplication","nominal.application.033","33","53","53","0","LayeredShellOn","381","5","30","8","8","0","ShellHit","true",""
"NOM-034","51000","BattleApplication","nominal.application.034","34","46","30","16","CoreExposed","365","5","0","8","8","0","Hit","true",""
"NOM-035","52500","BattleApplication","nominal.application.035","35","55","0","55","CoreExposed","310","5","0","8","8","0","Hit","true",""
"NOM-036","54000","BattleApplication","nominal.application.036","36","76","0","76","CoreExposed","234","5","0","9","8","1","Hit","true",""
"NOM-037","55500","BattleApplication","nominal.application.037","37","29","0","29","CoreExposed","205","5","0","9","9","1","Hit","true",""
"NOM-038","58500","BattleApplication","nominal.application.038","38","42","42","0","LayeredShellOn","205","6","158","9","9","1","ShellHit","true",""
"NOM-039","60000","BattleApplication","nominal.application.039","39","53","53","0","LayeredShellOn","205","6","105","9","9","0","ShellHit","true",""
"NOM-040","61500","BattleApplication","nominal.application.040","40","46","46","0","LayeredShellOn","205","6","59","10","9","0","ShellHit","true",""
"NOM-041","63000","BattleApplication","nominal.application.041","41","55","55","0","LayeredShellOn","205","6","4","10","10","0","ShellHit","true",""
"NOM-042","63000","BattleApplication","nominal.application.042","42","76","4","72","CoreExposed","133","6","0","10","10","1","Hit","true",""
"NOM-043","64500","BattleApplication","nominal.application.043","43","29","0","29","CoreExposed","104","6","0","10","10","1","Hit","true",""
"NOM-044","66000","BattleApplication","nominal.application.044","44","42","0","42","CoreExposed","62","6","0","11","10","1","Hit","true",""
"NOM-045","70500","BattleApplication","nominal.application.045","45","53","53","0","LayeredShellOn","62","7","147","11","11","1","ShellHit","true",""
"NOM-046","71500","BattleApplication","nominal.application.046","46","46","46","0","LayeredShellOn","62","7","101","11","11","1","ShellHit","true",""
"NOM-047","72500","BattleApplication","nominal.application.047","47","55","55","0","LayeredShellOn","62","7","46","11","11","0","ShellHit","true",""
"NOM-048","73500","BattleApplication","nominal.application.048","48","76","46","30","CoreExposed","32","7","0","12","11","0","Hit","true",""
"NOM-049","74100","BattleApplication","nominal.application.049","49","29","0","29","CoreExposed","3","7","0","12","11","0","Hit","true",""
"NOM-050","75000","BattleApplication","nominal.application.050","50","42","0","3","DefeatCandidate","0","7","0","12","12","0","Hit","true",""
